;pca_rna_0.4_clusters
AAACATGCAACCGCCA-1;2
AAACATGCAACTAGAA-1;5
AAACCGCGTGGACATC-1;3
AAACCGCGTTGCAATG-1;2
AAACGCGCAAACAACA-1;2
AAACGCGCAAGTGTTT-1;0
AAACGGATCAGCATTA-1;0
AAACGTACATAATGAG-1;6
AAAGCAAGTAAAGCGG-1;0
AAAGCAAGTCCAAGAC-1;0
AAAGCTTGTTAGGATT-1;6
AAAGGACGTGTCCAGG-1;1
AAAGGAGCAGGTATTT-1;0
AAATGCCTCATTATGG-1;3
AAATGGCCAATTTGGT-1;2
AAATGGCCATCAGCAC-1;5
AACAAAGGTAGGTTGC-1;2
AACAAAGGTGCTCACC-1;0
AACAAAGGTGGATTCA-1;2
AACAAGCCAATCGCAC-1;0
AACAGCAAGCATTAGC-1;6
AACAGCAAGGTGCGGA-1;2
AACAGGATCCTGCGAA-1;0
AACAGGATCCTTCAAT-1;1
AACAGGATCGGCTAGC-1;0
AACATAGCAAGGACCA-1;0
AACATCATCGCACAAT-1;0
AACATTGTCATGTGGT-1;1
AACATTGTCCCTCTAA-1;0
AACCGCTCAGGACCAA-1;0
AACCGGCTCGTTACAA-1;0
AACCTAATCAATAGCC-1;4
AACCTCACAGCCAGAA-1;5
AACCTCACAGCTCAAC-1;0
AACCTCACAGCTTAGC-1;5
AACCTCCTCACGCGGT-1;2
AACCTCCTCCTAAGAC-1;3
AACCTCCTCGCAATCG-1;1
AACCTCCTCGTTAGCG-1;5
AACCTTAAGCTCATAA-1;0
AACGACAAGCCAGGTC-1;2
AACGCCCAGCTTACTT-1;0
AACGCCCAGGGACGCA-1;0
AACGCCCAGGTGTCCA-1;5
AACGCTAGTCATAAGT-1;2
AACGCTAGTGTAACCA-1;1
AACGCTAGTTTGGTTC-1;1
AACGGTAAGCTAAGTC-1;3
AACTACTCACTTGTTC-1;2
AACTACTCAGCACGAA-1;3
AACTAGCTCATCCACC-1;2
AACTAGCTCCCAGTAG-1;1
AACTAGTGTAGGATTT-1;0
AACTCACAGATAGACG-1;1
AACTCACAGGACCGCT-1;2
AACTGTTCAAATGCCC-1;5
AAGACATAGGCAGGTG-1;0
AAGACCAAGCATGAAG-1;2
AAGCAAGTCATAGCCG-1;0
AAGCAAGTCATGCTAA-1;1
AAGCAAGTCCTCATGC-1;0
AAGCCACGTAATGACT-1;1
AAGCCTCCAGGATGGC-1;3
AAGCCTGTCCTTAATC-1;2
AAGCCTGTCTTAGCGG-1;1
AAGCGAATCACTAAGC-1;1
AAGCGAGGTTGTTGGA-1;0
AAGCGAGGTTTACGTC-1;0
AAGCGCTGTTCCGGGA-1;0
AAGCGGGTCATGAGCT-1;4
AAGCTAGAGGCTCATG-1;0
AAGCTAGAGTCTTGAA-1;2
AAGCTATGTGTTTCAC-1;1
AAGCTATGTTTCGCCA-1;0
AAGCTCCCAAGCTACC-1;1
AAGCTCCCACAGACTC-1;2
AAGCTCCCACTAGGTC-1;3
AAGCTCCCAGAGGCTA-1;2
AAGCTTGGTTTAACGG-1;5
AAGGATCCAGCAAGGC-1;0
AAGGATGTCAAGGACA-1;2
AAGGATTAGAGAGCCG-1;1
AAGGCCCTCTACTAAG-1;3
AAGGTATAGAATCGCT-1;1
AAGGTATAGCAGGTGG-1;1
AAGGTATAGTATTGTG-1;3
AAGTCTATCACGTTAA-1;2
AAGTCTATCCTCCATA-1;1
AAGTCTATCGACCTGA-1;0
AAGTGAAGTTACGCAA-1;0
AAGTGCAAGGAGGGTT-1;0
AAGTGTTGTGAAGCCT-1;4
AAGTTTGTCAAGACTC-1;0
AAGTTTGTCATTACTC-1;3
AAGTTTGTCCGGTATG-1;4
AATAACCGTGCAATGC-1;1
AATAACCGTTAGGCTA-1;1
AATACCGGTGTAATAC-1;0
AATACCGGTTAGCAGC-1;2
AATAGAGGTCCTTCAG-1;6
AATAGAGGTTCATCTA-1;0
AATAGCTGTCGAAGTC-1;0
AATATCCCAGTAAGTA-1;3
AATCAGGAGGCATTAC-1;5
AATCAGGAGGCTAAGA-1;0
AATCAGGAGGTGCGGA-1;4
AATCATCCAACACCTA-1;3
AATCATGTCCTTAAGA-1;3
AATCATGTCTTGCATT-1;0
AATCCCTGTTTACTTG-1;0
AATCCCTGTTTGCGAA-1;3
AATCCGTAGGTATTGC-1;4
AATCCGTAGTGACCTG-1;0
AATCCTAAGCAGGTGG-1;0
AATCCTAAGGCTGGCT-1;0
AATCCTAAGTTTGGGT-1;0
AATCGCCCATAAGGAC-1;6
AATCTCAAGTCTCACC-1;1
AATCTTGAGGAAGCTA-1;1
AATGAAGGTTAAATGC-1;4
AATGCAACAGCTCAAC-1;4
AATGCGCGTTGTTCAC-1;1
AATGTCATCATGAGCT-1;3
AATGTCATCATTTGCT-1;3
AATGTCCAGACAAACG-1;2
AATGTCCAGGCAAGTA-1;3
AATGTCCAGTACCGCA-1;1
AATGTCCAGTATCGCG-1;1
AATTACCCACATTAAC-1;0
AATTACCCAGTTTGGC-1;0
AATTACCCATGCTTAG-1;2
AATTAGCGTGCATCGG-1;0
AATTAGGCACATTGCA-1;1
AATTAGGCAGACAAAC-1;2
AATTAGGCATATAACC-1;0
AATTCGTCAAGTTATC-1;0
AATTGCCAGCTAATCA-1;1
AATTGCCAGGTGAAAT-1;1
AATTGCTCATAGACTT-1;3
AATTGGGAGGTTACAC-1;2
AATTGTGTCCTGATTT-1;0
AATTTGCCAATCCTGA-1;0
AATTTGCCAGTAGGAT-1;3
AATTTGGTCAATACGC-1;1
AATTTGGTCGCCTGTT-1;1
AATTTGGTCGCTAAGT-1;0
ACAAACTGTTAACACG-1;1
ACAACACTCGTACCGA-1;4
ACAACAGAGCATGACT-1;3
ACAACAGAGGTTACGT-1;0
ACAACATGTTGCAATG-1;1
ACACCTTGTGCTTACT-1;3
ACACGGACACAATGTT-1;2
ACACTAATCGATTATG-1;0
ACACTAGGTCAAGTGC-1;0
ACACTAGGTTGCACGG-1;4
ACACTTAAGAGGAGGA-1;1
ACACTTAAGCATTATG-1;0
ACACTTAAGGACCAGG-1;0
ACACTTGCAACGTGCT-1;0
ACACTTGCAATTATGC-1;0
ACACTTGCATGATTGT-1;4
ACAGCCGGTCCACAAA-1;4
ACAGCGCTCCGCCTAT-1;4
ACAGCGCTCTTGACCC-1;1
ACAGGAATCCTGAATA-1;2
ACAGGAATCCTGGTCT-1;2
ACAGGATCATGTGGGA-1;4
ACAGGCTGTATTTGCC-1;0
ACAGGTAAGGGACCTC-1;0
ACATAGCTCACTAATG-1;1
ACATAGCTCATCCTCA-1;2
ACATAGCTCCAGCACA-1;0
ACATAGCTCGCAACAT-1;3
ACATAGCTCTTTAGGA-1;0
ACATTAGTCTGGTCCT-1;1
ACATTAGTCTTTGACT-1;1
ACATTGCAGTAGGCGG-1;2
ACCAAGCGTAGTTACG-1;2
ACCAAGTTCCTGTTCA-1;1
ACCAAGTTCTGGCATG-1;6
ACCAAGTTCTTAGGGT-1;4
ACCAATATCAAGGACA-1;2
ACCACATAGGAGCACG-1;5
ACCACATAGGCCGGAA-1;0
ACCACATAGTGACCTG-1;1
ACCAGCTCAACCTGGT-1;0
ACCAGGACACTTGTTC-1;1
ACCAGGCTCACAGCCA-1;5
ACCATAATCCTCATGC-1;2
ACCATAATCTAGCTAA-1;2
ACCATTAAGGAACCGG-1;1
ACCATTAAGTTTCCTG-1;1
ACCCAGGGTTAAGCGC-1;2
ACCCGCTGTACTTCAC-1;4
ACCCGCTGTAGCCTAA-1;4
ACCCGCTGTCATAGAT-1;2
ACCCGCTGTCATTAGG-1;0
ACCCGGTAGCATTATG-1;0
ACCCGGTAGTAAGGGC-1;2
ACCCGTAAGACAAACG-1;0
ACCCGTAAGTTAGACC-1;0
ACCGAAGCATAATGAG-1;1
ACCGGCTAGCCTCTCG-1;0
ACCGGCTAGGCGCTTA-1;0
ACCTACCTCTCCATAT-1;0
ACCTACCTCTTCAATC-1;0
ACCTGTTGTCTTTGAC-1;0
ACCTGTTGTTCCTGAT-1;4
ACCTTCCAGTTACTTC-1;0
ACCTTGCTCTTCAATC-1;0
ACCTTGTGTGCTTACT-1;1
ACCTTGTGTTAGGACC-1;1
ACGAACAAGCGGATTT-1;2
ACGACAAAGGATTGAG-1;6
ACGACTTAGGCGAAAC-1;3
ACGACTTAGTAAGTCC-1;0
ACGCACGGTTAGACCA-1;0
ACGCCTAAGAGAGGAG-1;2
ACGCCTAAGGCCCAGT-1;0
ACGCCTAAGGCTCATG-1;1
ACGGGAAGTGACATGC-1;4
ACGGGAAGTTTATCTG-1;3
ACGGTACGTTGGTTGA-1;0
ACGGTTTAGGAATAAC-1;2
ACGGTTTAGGGCCACT-1;0
ACGGTTTAGTTCCCAC-1;4
ACGTCCAAGCCTCTGT-1;4
ACGTCCTTCGGGACTC-1;2
ACGTTACAGCTTAGCG-1;3
ACGTTACAGGACCTGC-1;3
ACGTTGTAGGAGTAAT-1;3
ACTAACGGTTCGCTTG-1;1
ACTAACTCAGCCTTGG-1;0
ACTAATCCACTAAGTT-1;6
ACTAGGCGTGTCCAGG-1;0
ACTATCCGTGCTCCGT-1;0
ACTCACCTCATCCACC-1;1
ACTCACCTCATTGTTC-1;4
ACTCACCTCCCTGGTT-1;3
ACTCACCTCCCTGTTA-1;2
ACTCACTGTAAGTCGC-1;0
ACTCACTGTGTGCACG-1;5
ACTCAGTAGCCATCAG-1;3
ACTCCTCAGTGAGAGC-1;2
ACTGAATGTTTAACGG-1;0
ACTTACAAGCGAGCGA-1;0
ACTTACAAGTAATCCA-1;3
ACTTACTTCATCCTGC-1;3
ACTTACTTCATGGTGT-1;5
ACTTACTTCGGGCCAT-1;0
ACTTACTTCGTTAACA-1;5
ACTTAGGGTGGACATC-1;0
ACTTAGTCAGCCAGAA-1;1
ACTTATGAGGGTTATC-1;0
ACTTATGAGTGTGATC-1;3
ACTTCGCTCCCTGGTT-1;0
ACTTCGCTCTCACTCA-1;2
ACTTCGCTCTTCAATC-1;3
ACTTGCACATGCTTAG-1;1
ACTTGTAAGCATTAGC-1;3
ACTTGTAAGTAAGAAC-1;0
ACTTGTCGTGCTAGAC-1;0
ACTTGTCGTTGGATAT-1;0
ACTTTGTTCCTCCTAA-1;0
AGAAACCCACCTCGCT-1;0
AGAAAGGCACCTACGG-1;0
AGAAAGGCATAGACTT-1;1
AGAACAAGTCGTAATG-1;3
AGAACCAAGCCAGGTC-1;5
AGAACCAAGGAACGGT-1;1
AGAACCGCAAAGCTCC-1;0
AGAAGGTGTCCTGATT-1;0
AGAATCGAGTAGCTTA-1;2
AGAATCTGTCGCGCAA-1;0
AGAATCTGTGAAACAA-1;4
AGACAATAGCGTGCGT-1;0
AGACACGCACTAAGTT-1;0
AGACACGCAGGACCTT-1;6
AGACCCGGTACTAAAC-1;1
AGACCCGGTAGGATTT-1;3
AGACTATGTTGCACAA-1;6
AGAGAGGAGGGTCTAT-1;1
AGAGATTAGGAGGGTT-1;0
AGAGGAACAACACTTG-1;4
AGAGGATGTTTGACCT-1;0
AGATGAAGTGTCCAGG-1;2
AGATGAAGTTGAATCG-1;0
AGATGCTTCCTGGCTT-1;2
AGATGCTTCGATTTAG-1;4
AGCAAATAGAATGACG-1;2
AGCAAATAGCCGCAAC-1;0
AGCAACAAGTTTGGTA-1;0
AGCAAGGGTTACAACG-1;6
AGCAAGGGTTACGCAA-1;1
AGCAATACAATAAGCA-1;0
AGCAATTGTCGACTCC-1;6
AGCACAGCAATTTAGC-1;4
AGCACAGCACCTAAGC-1;6
AGCACAGCACCTGTAA-1;0
AGCACAGCACGTAAGG-1;2
AGCACTAGTTCACCAT-1;0
AGCATCCCAAACTCAT-1;0
AGCATCCCACCGTTCC-1;6
AGCATCCCAGCTTACA-1;3
AGCATTTCATATTGAC-1;4
AGCATTTCATTGCGTA-1;0
AGCCAGTGTGTCCAAA-1;0
AGCCAGTGTTAATCGG-1;1
AGCCAGTGTTCAAGAT-1;0
AGCCGCTAGAGGCTAA-1;3
AGCCGCTAGCACGATT-1;6
AGCCGCTAGGACAACA-1;0
AGCCGCTAGGGTCCAC-1;2
AGCCGGTTCAGGATGA-1;0
AGCCGGTTCGATAACC-1;3
AGCCGGTTCGCAGGCT-1;2
AGCCTAGTCTTGCAGG-1;1
AGCCTCCGTGCAATGC-1;1
AGCCTCCGTTGAGCCG-1;0
AGCCTCCGTTGTTGGA-1;1
AGCGGATAGCAGGTGG-1;0
AGCGGATAGGCTGTGC-1;3
AGCGTGCTCCCGCAAA-1;2
AGCGTGCTCCTAAGAC-1;0
AGCTACGTCAGGGCCT-1;5
AGCTACGTCATGTCAA-1;0
AGCTACGTCTCACTCA-1;2
AGCTACGTCTGCAACG-1;0
AGCTACGTCTTGCATT-1;1
AGCTACTAGTTATTCC-1;3
AGCTCATAGCTGGCTA-1;5
AGCTCATAGTAGCGGG-1;1
AGCTCATAGTGAAGTG-1;2
AGCTCATAGTTTAACG-1;1
AGCTGCTCAGCAGGTA-1;3
AGCTTAATCGCACACA-1;4
AGCTTAATCTTAAGTG-1;0
AGCTTGGTCCCGAAGC-1;3
AGCTTGGTCGCAGGCT-1;6
AGGAAACGTAAGGTTT-1;1
AGGAAACGTCCGGTTC-1;1
AGGAACGGTAGCTGCG-1;0
AGGACGTAGTCGCAAT-1;0
AGGACTAAGCCTGATG-1;5
AGGACTAAGGAAGCTA-1;2
AGGACTAAGTCTTGAA-1;2
AGGAGCTAGGAGGGTT-1;0
AGGATATAGACACCGC-1;2
AGGATATAGTTAGACC-1;0
AGGATGCAGGAACGCG-1;0
AGGATGCAGGTTTGAC-1;4
AGGATGTCATGGCCTG-1;1
AGGATTGAGAGCCGGA-1;1
AGGATTGAGTTTGAGC-1;0
AGGCAGGTCATGGTTA-1;3
AGGCAGGTCTAGCTTT-1;0
AGGCCCAGTGGCTTCC-1;0
AGGCGGATCCCTCGCA-1;1
AGGCTAAAGACAGGTA-1;3
AGGCTAAAGCCTGTTC-1;5
AGGCTAGCACAGCCAT-1;3
AGGGCCTTCCAACTGG-1;0
AGGGCCTTCGAGCTAT-1;4
AGGGCTACAACAGCCT-1;0
AGGGCTACAGGACCTT-1;3
AGGGCTACAGTAGGTG-1;2
AGGGTTGCAAACATAG-1;1
AGGTACGCAGCACCAT-1;1
AGGTATTGTTAGTTGG-1;0
AGGTATTGTTTCCGGC-1;0
AGGTCAAAGCTGAGGG-1;1
AGGTCATTCTATCGCC-1;1
AGGTCCGGTTCAAGAT-1;0
AGGTCTTAGGAGCACG-1;0
AGGTGAGGTCCGGTTC-1;3
AGGTGAGGTTAAGCTG-1;2
AGGTGAGGTTCCGCAC-1;0
AGGTTAACACCGGTAT-1;1
AGGTTAACAGGCGAGT-1;3
AGGTTAGAGAAGCTAG-1;3
AGGTTAGAGCCACAAT-1;0
AGGTTAGAGCGCATTG-1;0
AGGTTAGAGTGGACAA-1;3
AGGTTGCGTTACCGGG-1;1
AGGTTTATCTTGGATA-1;0
AGGTTTGGTTCAAGAT-1;3
AGGTTTGGTTCGGTAA-1;1
AGTAAACAGGCGCTTA-1;1
AGTAACCTCGCCTAAG-1;0
AGTAATCGTAGCCTAA-1;2
AGTAATCGTCATCAAG-1;2
AGTAATGCATGACTAT-1;3
AGTACGCGTGCATTTC-1;1
AGTACGCGTTAGCAGC-1;0
AGTACGCGTTCGGTAA-1;0
AGTAGCTTCCTGATTT-1;0
AGTAGCTTCGTCATTT-1;2
AGTAGGATCACACAGT-1;1
AGTAGGATCGCGCTAA-1;0
AGTAGGATCTACTAAG-1;3
AGTATAGCAGTTTGGC-1;1
AGTCAAGAGAGAGGAG-1;0
AGTCAAGAGGACCTTG-1;3
AGTCAGGCAATTATGC-1;2
AGTCCTGAGGAGCAAC-1;0
AGTCCTTGTAATCGCA-1;1
AGTCCTTGTCCTTCTC-1;2
AGTCCTTGTGAGCACT-1;5
AGTCGCATCATCCTAT-1;6
AGTGAACCAATCCTAG-1;2
AGTGAACCAGAGGGAG-1;3
AGTGAGTCATCATGGC-1;0
AGTGATGAGTACTGGT-1;0
AGTGCACGTTCAAGAT-1;0
AGTGCCGGTCCGGTTC-1;2
AGTGGACAGCGTGCGT-1;2
AGTGTTTCAGTAGGTG-1;0
AGTTACATCCTCGATC-1;3
AGTTACTCAGCATGTC-1;0
AGTTATGTCATAAGCC-1;2
AGTTGCAGTAATCACG-1;4
AGTTGCAGTGTTCCCA-1;1
AGTTGCGTCTTAGCCC-1;0
AGTTGGCGTGCATTTC-1;2
AGTTGTCAGAACAAGT-1;3
AGTTTGATCCCGCCTA-1;2
AGTTTGCAGCTAATCA-1;2
AGTTTGCAGCTGCACA-1;0
ATAAGCCTCCCATAAA-1;2
ATAAGCCTCCTTAGGG-1;1
ATAAGTCGTACCTTAC-1;0
ATAAGTCGTTTGGGCG-1;6
ATAATGGCAAAGGCCA-1;0
ATACCGGTCGATTATG-1;2
ATACCTGCACTAAGCC-1;2
ATACCTGCACTATGGC-1;4
ATACCTGCAGGCCAAA-1;4
ATAGATGCAGCATTAT-1;0
ATAGATGCAGTACCGT-1;2
ATAGCATGTACCGTTT-1;0
ATAGCATGTAGCCATA-1;2
ATAGCATGTTATCGAG-1;5
ATATAGGCAATGCCCG-1;0
ATATAGGCAGACAAAC-1;4
ATATAGGCAGCAAGAT-1;0
ATATGCATCAAAGGCA-1;1
ATATGCATCCTCCTAA-1;1
ATATGCTCAATTGCGC-1;0
ATATGTCCAACTAGCC-1;0
ATATGTCCAGAGGCTA-1;0
ATCAATCCAGCTAACC-1;3
ATCACAATCGTGCTAG-1;2
ATCACACAGCACTTGG-1;0
ATCACCCTCAAGACTC-1;0
ATCACTAAGCAACAAG-1;0
ATCAGGTTCCGCCTCA-1;3
ATCAGGTTCCGGCTAA-1;2
ATCATGTCAGAGGGAG-1;2
ATCCAACAGTTTGTCT-1;0
ATCCACCTCATGGTGT-1;1
ATCCACCTCTGTTGCC-1;0
ATCCACCTCTTAAGTG-1;0
ATCCATAAGGAACACA-1;0
ATCCATAAGGCGCTAC-1;2
ATCCCGCGTCAGGAAG-1;2
ATCCCGCGTCAGGCCA-1;4
ATCCCGCGTGCGCATG-1;0
ATCCCGCGTTTGGCGG-1;0
ATCCTCATCACATTGA-1;0
ATCCTCATCCTAGTCC-1;5
ATCCTCATCTGGTCCT-1;3
ATCCTGACATAGCTTG-1;1
ATCCTGACATGCATAT-1;0
ATCCTTAGTGATCATG-1;1
ATCCTTAGTGGTTAGC-1;0
ATCCTTAGTTGCTTCG-1;0
ATCGAGGCAAGTAAGC-1;1
ATCGAGGCATCATGTG-1;0
ATCGCCCGTTAGGATT-1;2
ATCGCCCGTTCCTGTG-1;2
ATCGCTTGTGTGTCCC-1;1
ATCGGCCAGCATGACT-1;0
ATCGGCCAGGCCATCA-1;1
ATCTATGAGGTTTGCG-1;0
ATGAAGCCAAGCTTTG-1;2
ATGAATGCAGGAACTG-1;1
ATGAATGCATAGCAGG-1;5
ATGACAACACTTCACT-1;3
ATGACTCAGGATTGCT-1;3
ATGACTCAGTCATCCC-1;0
ATGAGCCGTGATTACG-1;2
ATGATGGAGAAAGCAT-1;3
ATGATGGAGACCATAC-1;2
ATGATGGAGCCGCTTT-1;2
ATGATGGAGTAACTCA-1;0
ATGCAAACAGGCGAGT-1;3
ATGCAGGCAATAATCC-1;3
ATGCATTCATAAGTCT-1;1
ATGCCTGAGCAAGGTA-1;5
ATGCCTGAGGAACGCG-1;4
ATGCCTGAGTAAGAAC-1;1
ATGCGATTCGGTTACG-1;1
ATGCGATTCTGTGAGT-1;6
ATGCTTAAGATGGAGC-1;4
ATGGACAAGGATGATG-1;4
ATGGCCCAGGACTTAC-1;1
ATGGCCGGTCATGCCC-1;4
ATGGCCGGTGCATTAG-1;5
ATGGCCGGTGTTGTGA-1;0
ATGGCCGGTTGTCCAT-1;0
ATGGCTAGTAAGGTTT-1;3
ATGGCTGTCAGGAACA-1;2
ATGGCTTAGTGAGCAA-1;4
ATGGCTTAGTTACTTC-1;2
ATGGTCTAGCTTCTCA-1;0
ATGGTCTAGGTTTACA-1;2
ATGGTGCGTGAGGTAG-1;0
ATGGTTATCTTGACCC-1;3
ATGTAAGCAATTTAGC-1;5
ATGTCAATCGTTAACA-1;1
ATGTCAATCTTGTTCG-1;3
ATGTCATCAGCTAATT-1;1
ATGTCCACACGGTTTA-1;0
ATGTCCACAGTTTCTC-1;4
ATGTGAGAGAGGAGTC-1;0
ATGTGAGAGCATCCAG-1;1
ATGTGAGAGTTGGCCA-1;0
ATGTTCAAGGTCGATT-1;1
ATGTTGTCATTAGGCC-1;2
ATGTTTGAGCAGGTGG-1;3
ATTAACCCAGGATTAA-1;2
ATTACCCGTTCCATTA-1;2
ATTACGTCAGTAAGTA-1;0
ATTACTGAGGGCTTAT-1;1
ATTACTGAGGTGAAAT-1;6
ATTAGCTCAACACTTG-1;2
ATTAGCTCAAGGTGCA-1;6
ATTAGCTCAGCTCATA-1;1
ATTAGGTGTAACCTAG-1;4
ATTATCCTCGGTCAGC-1;0
ATTATCCTCTGCAACG-1;4
ATTATGGTCTCAATGA-1;0
ATTCACTTCAGGCTAT-1;0
ATTCACTTCATGCATA-1;0
ATTCATGAGCACAGAA-1;3
ATTCATGAGCCTTAAA-1;1
ATTCCGGAGGCCTGGT-1;3
ATTCCGGAGGGACGCA-1;0
ATTCCGGAGGTCCAAT-1;0
ATTCCGGAGTAGGATG-1;1
ATTCCGGAGTGACCTG-1;0
ATTCCTAGTTAGGATT-1;6
ATTCGTTTCTAATCCT-1;2
ATTGAAGCAATTGACT-1;1
ATTGAAGCAATTTGGT-1;0
ATTGAAGCAGAGAGCC-1;0
ATTGACTCAATCATGT-1;0
ATTGACTCACTCAACA-1;3
ATTGCACAGCAGCTAT-1;6
ATTGCACAGTAAGTCC-1;3
ATTGCAGGTTACATCC-1;0
ATTGCGCCAAGATTCT-1;2
ATTGCGCCAGGTTAAA-1;2
ATTGCGCCATAGGCGA-1;3
ATTGCTCGTAGCCTCC-1;2
ATTGGCTAGATGGACA-1;5
ATTGGCTAGGAGCATA-1;3
ATTGTGATCATGGCTG-1;3
ATTTAGCCAACTGGGA-1;1
ATTTAGCCAATGAAGC-1;4
ATTTAGCCATTATGCG-1;2
ATTTGCAAGGCGCATC-1;0
ATTTGCAAGGTCAAAG-1;0
ATTTGCAAGGTTTACA-1;1
ATTTGCGCACAATTAC-1;1
ATTTGTGAGAGAGGCT-1;0
ATTTGTGAGGCGCATC-1;1
ATTTGTGAGGCTGTCA-1;3
ATTTGTGAGGTCCTAG-1;1
CAAACAACAAAGGCCA-1;0
CAAACAACAAATATCC-1;0
CAAACAACAATAACGA-1;6
CAAACAACAGGTATTT-1;1
CAAACAACATGAATCT-1;2
CAAACAACATTAGCCA-1;0
CAAACACTCTCACTAT-1;2
CAAACCGTCCTCACTA-1;1
CAAACGCGTCCTTCAG-1;5
CAAACTGGTGGAAGGC-1;5
CAAACTGGTTAGCCAA-1;0
CAAAGCGCAATAGCCC-1;0
CAAAGCGCAGACAAAC-1;3
CAAAGGATCTGCAAAC-1;0
CAAAGTGAGTATTGTG-1;0
CAACAATGTCGCAAAC-1;0
CAACAGGCAAAGCCTC-1;1
CAACCCGCAATAACGA-1;0
CAACCCGCACATAACT-1;2
CAACCCGCATTCCTGT-1;0
CAACCCTTCTTTGACT-1;0
CAACCGGGTAAGCTCA-1;2
CAACTAATCATTAGCA-1;0
CAACTAGGTCCTTCTC-1;0
CAAGAACCAGGACCTT-1;1
CAAGAACCATCATGTG-1;1
CAAGACAAGTCATTGA-1;1
CAAGCTAGTCTCACTG-1;0
CAAGGCCTCGCGCTAA-1;0
CAAGGCTGTGTGAGGA-1;5
CAAGGCTGTTCCTGTG-1;2
CAAGGGAGTCACGGAT-1;3
CAAGTAACAGAATGAC-1;3
CAAGTGAAGACTCGCA-1;2
CAAGTGAAGTAACTCA-1;0
CAAGTGAAGTGAGCGG-1;0
CAAGTTATCCTTTACG-1;0
CAATAAGCATAGCAGG-1;0
CAATAGCTCAACAAGG-1;4
CAATAGCTCATTATGG-1;1
CAATAGCTCCACCTGT-1;2
CAATCCCTCATAACTG-1;0
CAATCCTGTGCACGCA-1;4
CAATCCTGTGCTTTAC-1;6
CAATCCTGTGGATTCA-1;0
CAATCGCCACAAAGCG-1;3
CAATCGCCAGGCCATT-1;2
CAATCTAAGCGCTCAA-1;4
CAATGACTCACAGGAA-1;6
CAATGACTCCACCTTA-1;1
CAATGACTCTGCAAGT-1;0
CACAAGCGTAAACAAG-1;5
CACAAGCGTATACTGG-1;3
CACAAGCGTGTAACCA-1;2
CACAGGCTCGGCTAGC-1;1
CACATGCCAAACTCAT-1;1
CACATTAAGCCTAATA-1;2
CACATTAAGCTTGCTC-1;0
CACCTCAGTATTCGTC-1;4
CACCTGTTCGCAGGCT-1;0
CACGCAATCTAAATCG-1;5
CACGCTAAGCCAGTAT-1;0
CACGCTAAGCTTAACA-1;0
CACGCTAAGGGCCATC-1;1
CACGCTAAGGTCAAAG-1;1
CACTAGCCAAGACTCC-1;3
CACTAGCCAAGGTCGA-1;4
CACTAGCCAGCCTAAC-1;0
CACTGACCAACAACAA-1;0
CACTTAAAGTGATTCA-1;0
CAGAATCTCTTGTCCA-1;0
CAGATTCAGTTTGCGG-1;1
CAGCAAGCACAACAGG-1;0
CAGCAAGCATGCTATG-1;0
CAGCAAGCATTATCCC-1;4
CAGCATGTCATTGTTC-1;0
CAGCATTAGCTATATG-1;2
CAGCCAATCCGCACAA-1;0
CAGCCAATCTTAGTCT-1;0
CAGCCAATCTTGCTAT-1;0
CAGCCTTTCATCACTT-1;4
CAGCCTTTCTGTAAGC-1;1
CAGCCTTTCTTGCATT-1;0
CAGCCTTTCTTTAGGA-1;0
CAGCTAAGTTGTTGGA-1;1
CAGCTATAGGACCGCT-1;0
CAGCTATAGGCTTAGT-1;0
CAGCTCAAGTCTGGGC-1;2
CAGGACACAACTGGCT-1;1
CAGGACACACAGGATG-1;3
CAGGACCTCAGCCAAT-1;2
CAGGACCTCCTAAATG-1;0
CAGGATGCACAATTAC-1;3
CAGGCTATCTCCATAT-1;0
CAGGGTGAGGACCTTG-1;2
CAGGTGGAGGGCTTTG-1;2
CAGGTTTAGCCAAATC-1;1
CAGGTTTAGCTAAGTC-1;0
CAGTACCCATTGCGAC-1;2
CAGTATGGTCAAGTAT-1;1
CAGTATGGTGTTGTGA-1;0
CAGTATGGTGTTTGCT-1;0
CAGTATGGTTCCTGAT-1;0
CATAACGGTAGCTGCG-1;3
CATAACGGTGTGTGGT-1;3
CATAAGCTCGGGATTT-1;4
CATAATGTCCGGTATG-1;5
CATAATGTCGTCATTT-1;1
CATAATGTCTTAGGAC-1;3
CATAGACTCGTTACTT-1;3
CATAGGCGTAACTACG-1;1
CATAGGCGTGTTTGTC-1;3
CATAGGTTCCACCTTA-1;1
CATAGGTTCCTAACGG-1;2
CATAGGTTCGTTAGTA-1;2
CATAGGTTCTTTAAGG-1;5
CATAGTCAGCTCCTTA-1;3
CATATCGCAGTTTCTC-1;1
CATCAATCATACCCGG-1;0
CATCAATCATCAGCAC-1;0
CATCACACAGGCTAAG-1;0
CATCAGCCAATAAGCA-1;3
CATCAGCCATTAAGCT-1;5
CATCATAAGGTGTCCA-1;0
CATCATGCAATTAGGA-1;0
CATCCCAGTAAGGTCC-1;0
CATCCCAGTCATCAAG-1;0
CATCCCAGTCCTAAGA-1;6
CATCCCAGTTAGCGTA-1;1
CATCCTCAGCATGTCG-1;1
CATCCTCAGCTTAGCG-1;3
CATCCTCAGGAACCGG-1;0
CATCCTCAGGACGTAA-1;1
CATCCTGGTAGGATCC-1;2
CATCGCTTCGGGACTC-1;2
CATGCAAGTGAGCACT-1;1
CATGCAAGTTCACCAT-1;2
CATGCGCAGCGGATAA-1;4
CATGGATTCTTGCTAT-1;1
CATGGCGGTTAGTGAT-1;0
CATTATCTCCCTGATC-1;0
CATTCATTCAATCTAG-1;1
CATTCATTCTGGCATG-1;4
CATTCCTCAGCCGCTA-1;2
CATTGCGAGCATGCAT-1;0
CATTGCGAGCGCCTAA-1;2
CATTGCGAGGCAACAA-1;0
CATTGCGAGGCCGGAA-1;2
CATTGTAAGACACTTA-1;3
CATTGTAAGCGCTAAT-1;3
CATTGTAAGGTCCAAT-1;3
CATTGTGCACCCACAG-1;4
CCAAACCCAGGCGATA-1;1
CCAAACCCATGCAACC-1;0
CCAAACTAGCACTTGG-1;1
CCAAACTAGGTACCGC-1;0
CCAAATCAGGACAATG-1;4
CCAACATAGGCGAAAC-1;2
CCAACCAAGGTCCTAG-1;2
CCAACCCGTCATCATC-1;3
CCAACCCGTCTAGCTT-1;0
CCAACCCGTGCACGCA-1;0
CCAAGGCTCTGTTCAT-1;2
CCAAGTTAGCACTTGG-1;0
CCAAGTTAGCTGGCTA-1;6
CCAAGTTAGTAGGATG-1;5
CCAAGTTAGTTAGAGG-1;0
CCACAATAGACCATAC-1;0
CCACAATAGGAGTCGG-1;0
CCACAGGGTGCTCCGT-1;1
CCACAGGGTTAGCTGA-1;2
CCACAGGGTTGCAGTA-1;5
CCACATTGTCCGGTTC-1;3
CCACATTGTCGTAATG-1;5
CCACATTGTCTATCGT-1;2
CCACTTGGTTGAATCG-1;3
CCAGACTCATAACGGG-1;0
CCAGCCTGTAATGGAA-1;0
CCAGCTAAGCTGTAAC-1;1
CCAGCTAAGGCACAGG-1;1
CCAGCTAAGTCATTTC-1;2
CCAGGAACACAGACTC-1;5
CCAGGAACATTCAGCA-1;3
CCAGGATGTTGGTGAC-1;1
CCAGTTTGTAATTAGC-1;0
CCAGTTTGTTCACTGT-1;2
CCATAAATCAGCACGC-1;5
CCATAAGGTGGAAACG-1;5
CCATAATCAGCAAGGC-1;6
CCATAATCAGCCTAAC-1;0
CCATATTTCATAATCG-1;0
CCATATTTCTTTAAGG-1;2
CCATCACTCAATGTGC-1;3
CCATCATGTTGCGCGA-1;2
CCATCATGTTTGAGGC-1;2
CCATTATTCGAGGTGG-1;0
CCCAAACCACTTGTTC-1;1
CCCAAACCAGGATAAC-1;4
CCCAACCGTGGTGAGA-1;3
CCCAGCACAGTTGCGT-1;0
CCCAGCACATCCTGAA-1;0
CCCAGTTTCCTTTACG-1;0
CCCGCAACACATGCTA-1;3
CCCGCAACAGCTTAGC-1;3
CCCGTAAAGAGAGCCG-1;0
CCCGTAAAGGTAAGGC-1;0
CCCGTAAAGGTCCACA-1;0
CCCGTAAAGGTCTTGG-1;3
CCCGTTGTCAGCTAAC-1;4
CCCGTTGTCCATTACT-1;1
CCCGTTGTCCGCCAAA-1;0
CCCTCACCACCGTTCC-1;1
CCCTCACCAGCGCTTG-1;1
CCCTCAGTCGTAATCA-1;5
CCCTCATAGCCACAAT-1;0
CCCTCATAGTCATTAG-1;2
CCCTCATAGTCATTTC-1;1
CCCTGGACAATGAATG-1;1
CCCTGGACACTGACTA-1;0
CCCTGGACATCAGTAT-1;4
CCCTGTTAGCAGGCCT-1;0
CCCTTAATCGGGCCAT-1;5
CCCTTAATCTAAGTCA-1;0
CCGACAGGTTTGGTTC-1;3
CCGATGCAGGCGCACT-1;5
CCGATGCAGGCGGATG-1;0
CCGCAAATCATCAGTA-1;1
CCGCAAATCCTAAATG-1;0
CCGCAAATCCTAGTCC-1;1
CCGCAAATCTAATCAG-1;2
CCGCAAGGTAATCGTG-1;0
CCGCAAGGTAATGGCC-1;3
CCGCAAGGTCTAGCTT-1;0
CCGCAAGGTTAACAGT-1;3
CCGCAAGGTTACGCAA-1;1
CCGCACACACAGGGAC-1;0
CCGCCAACAATAACGA-1;0
CCGCTAAAGTCATTAG-1;2
CCGCTTAGTGAACAAA-1;1
CCGGTTAAGTTATCTC-1;3
CCGTGCTGTGGAGCAA-1;0
CCGTTACTCAACAAGG-1;0
CCGTTACTCGTTTCCA-1;6
CCGTTGCGTCATCATC-1;2
CCGTTGCGTTACTAGG-1;5
CCGTTGCGTTGCAGTA-1;1
CCGTTTGGTACCGTAA-1;0
CCGTTTGGTGGAAGGC-1;1
CCGTTTGGTTAGAGCC-1;4
CCTAAAGGTGAGCGAA-1;2
CCTAAATCAAGTAAGC-1;1
CCTAAATCACCGGTAT-1;0
CCTAAGGTCAATTGGC-1;3
CCTAAGGTCGATTTAG-1;0
CCTAAGGTCTTGCTAT-1;1
CCTAAGTAGATGGAGC-1;0
CCTAAGTAGGGTGAAC-1;4
CCTAATAAGCCGCAGT-1;2
CCTAATCGTGGATTCA-1;0
CCTAATCGTTGCGTAA-1;6
CCTACTGGTCTTTATG-1;0
CCTACTTCACCTCGCT-1;3
CCTACTTCACTTACAG-1;3
CCTATATTCACGTTAA-1;1
CCTATTGTCCAAGTTA-1;0
CCTATTTAGCTAAAGG-1;0
CCTCAAACACAGCCAT-1;2
CCTCAAACACCTGGTG-1;0
CCTCAAACATTGGGAG-1;0
CCTCAATGTCAATGTG-1;3
CCTCAATGTCTATCGT-1;0
CCTCAATGTGATTACG-1;0
CCTCAGTTCGTTACTT-1;4
CCTCCTCTCACAGCGC-1;6
CCTCCTCTCCTGATTT-1;0
CCTGAATAGGTTAGCT-1;2
CCTGAATAGTATTGCA-1;0
CCTGAGTCAGCTTAGC-1;0
CCTGAGTCAGGCCAAA-1;3
CCTGAGTCATGAGCAG-1;0
CCTGGATCAGGCCATT-1;1
CCTGGTAAGGCGGATG-1;3
CCTGTTGGTCCAAGAC-1;0
CCTGTTGGTGCGCATG-1;0
CCTTAACGTACGGTAC-1;5
CCTTACTCAGTAGGTG-1;0
CCTTAGTGTAACGTGC-1;0
CCTTCAATCATGAGCT-1;2
CCTTCAATCGATATTG-1;0
CCTTCAGGTAATCGTG-1;0
CCTTCGTAGAAGGTGC-1;0
CCTTGTTCAGTAAGTA-1;0
CGAAATGAGCTAAGTC-1;4
CGAAATGAGTAACGGA-1;1
CGAACCGGTTGTTCAC-1;3
CGAAGAATCCGTTATT-1;2
CGAAGCCTCAATGACC-1;0
CGAAGCGAGGAATAAC-1;1
CGAAGGCCAGGCCAAA-1;0
CGAAGTAAGGTCCTGA-1;5
CGACCTGCAGAACCGA-1;0
CGACCTGCAGGAACTG-1;3
CGAGCGAAGACAGGTA-1;0
CGAGCGAAGCATGCAT-1;2
CGAGCGAAGCCTCTGT-1;3
CGAGCGAAGCTGAGGG-1;6
CGAGGAAGTAAGTCGC-1;3
CGAGGAAGTACTTCAC-1;1
CGAGGTGAGGGTTATC-1;0
CGAGTCGGTTTCAGGA-1;0
CGATATTCACCCTCAC-1;0
CGATATTCACTCGCTC-1;0
CGATATTCAGAGAGCC-1;3
CGATTATCAGGTTATT-1;1
CGATTCCTCGAAGTAG-1;0
CGATTGAGTGCTCACC-1;0
CGATTTGCAGCAGGTA-1;0
CGCAAATTCCTACCTA-1;0
CGCAATAGTAATCGCA-1;2
CGCAATCCACCAGGTT-1;6
CGCAATGTCACAGGAA-1;2
CGCAATGTCCCGTTGT-1;1
CGCAATGTCCTTCTAG-1;2
CGCACACAGCATGTCG-1;4
CGCACACAGTGAACGA-1;0
CGCACCACAGCCTGCA-1;0
CGCACCACAGCTCAAC-1;1
CGCACCACATTAAAGG-1;1
CGCATATAGCGCTCAA-1;1
CGCATATAGGCGAATA-1;3
CGCATATAGGTGTTAC-1;3
CGCATATAGTTCCTCA-1;0
CGCATTACAATATGGA-1;1
CGCATTACACTGACCG-1;1
CGCATTTGTGGCTTCC-1;1
CGCCAAATCACAGCCA-1;2
CGCCACACAGAGAGCC-1;0
CGCCTCATCAATCATG-1;2
CGCCTCATCATGCTAA-1;0
CGCCTCATCCTTAGTT-1;0
CGCCTGTGTAGTTGGC-1;0
CGCCTGTGTCCTTCTC-1;0
CGCGGATTCAATTACG-1;0
CGCTATGAGGCCCAGT-1;0
CGCTATGAGGCGAATA-1;1
CGCTATGAGGTATTGC-1;2
CGCTATGAGTCTCACC-1;2
CGCTGTGCAAGGTGGC-1;2
CGCTGTGCACTGGCCA-1;3
CGCTGTGCATAAGTTC-1;4
CGCTTACTCATAGACC-1;4
CGCTTGCGTTTACTTG-1;1
CGGACCTAGTAACGAG-1;1
CGGACCTAGTCGCAAT-1;5
CGGAGCAAGGTTACGT-1;3
CGGAGTCTCCTCACAC-1;0
CGGAGTCTCTTGGACG-1;2
CGGATTAGTCACGGAT-1;5
CGGCAATGTTACAACG-1;0
CGGCCATAGATAACCC-1;0
CGGCCATAGTTTGTCT-1;3
CGGCTAATCTGTAATG-1;1
CGGCTCACAATTGAAG-1;1
CGGGTATGTAGGATCC-1;0
CGGGTATGTATTGGAT-1;0
CGGGTCTAGGTCCTGA-1;1
CGGTAACGTACCAGGT-1;0
CGGTAACGTCATAAGT-1;5
CGGTGAACAAATTCGT-1;5
CGGTGAGAGGAACACA-1;5
CGGTTCCGTGAACAAA-1;1
CGGTTCCGTTAGGATT-1;2
CGTAACCCACGTAATT-1;1
CGTAACCCATGTGGGA-1;3
CGTAACTAGCTATTAG-1;3
CGTAACTAGGATCCGC-1;1
CGTAACTAGGTCCTAG-1;1
CGTAATGGTATTGTCC-1;0
CGTACGGGTACCAGGT-1;0
CGTACGGGTACCGTAA-1;4
CGTACGGGTCCCGAAG-1;0
CGTACGGGTTAAGTGT-1;2
CGTACGGGTTGGCGTG-1;5
CGTAGCGGTTAGACCA-1;2
CGTAGTTAGCCTCTCG-1;4
CGTAGTTAGTAACCCG-1;3
CGTATTGCATGAATCT-1;1
CGTATTGCATTGCAGC-1;1
CGTCATTGTTAGTTGG-1;4
CGTCCTAGTGTCCTGC-1;3
CGTGCACAGATAGACG-1;0
CGTGCACAGGCCCAGT-1;0
CGTGCTTTCATCACTT-1;0
CGTGGTTCAGTTAGCC-1;2
CGTGGTTCATCCATCT-1;2
CGTGGTTCATCTAGCA-1;2
CGTGTGTCAGCAATAA-1;0
CGTGTGTCATAGCGAG-1;0
CGTGTTACAAAGCGCA-1;4
CGTGTTACAATTTAGC-1;5
CGTGTTACAGCATTAT-1;0
CGTGTTACATTGTCCT-1;4
CGTTAAATCGGTAACT-1;0
CGTTAACAGGATTGCT-1;2
CGTTAGGTCCCTGTTA-1;2
CGTTAGTAGGAGCACG-1;0
CGTTAGTAGGATCACT-1;2
CGTTAGTAGGATCCGC-1;2
CGTTAGTAGGTGAGAC-1;2
CGTTATCGTCAGGAAG-1;1
CGTTGCGCAAGTGTCC-1;4
CGTTGCGCATAATCGT-1;1
CGTTTCTCATCATGTG-1;0
CGTTTGGAGCTATGAC-1;2
CGTTTGGAGGTTAGAG-1;1
CGTTTGTGTATTTGGG-1;0
CTAAATGTCGCCTGTT-1;5
CTAACCACATTGTGCA-1;1
CTAAGTCAGCTCATAA-1;0
CTAATCCGTCACCAAA-1;0
CTAATCCGTGAGAAAC-1;3
CTAATCCGTGCAATAT-1;1
CTAATCGCATCCCTCA-1;2
CTAATCGCATGTCAGC-1;0
CTAATCTTCGGTAACT-1;5
CTAATTGAGACAAGTG-1;0
CTAATTGAGGTCGAGG-1;5
CTACAACAGTTAACCA-1;3
CTACAACAGTTAGCTA-1;4
CTACCTCAGACAACAG-1;0
CTACGAAGTGTTTGTC-1;4
CTACTTAGTGATTTGG-1;4
CTACTTAGTGTAACCA-1;1
CTAGATTCACTTACAG-1;3
CTAGATTCAGGCCTTG-1;2
CTAGCGGGTCCGGTTC-1;2
CTAGCTGAGGTTTGAC-1;5
CTAGGACGTCCGGTTC-1;3
CTAGGACGTGAGCACT-1;1
CTAGGCGGTGGGTACT-1;5
CTAGTAGGTACGATTG-1;2
CTAGTAGGTCGTAAAT-1;3
CTAGTCGAGGTTACGT-1;4
CTAGTTGCAGTAGCCT-1;2
CTATAACCAGCACCAT-1;0
CTATGACAGCAATAGG-1;0
CTATGACAGCGGATTT-1;1
CTATGGCCAACAGGTG-1;5
CTATGGCCACTTAACG-1;0
CTATGGCCATAAGTCT-1;0
CTATGTTTCGGCTATG-1;0
CTATGTTTCTTGTCCA-1;1
CTATTACTCACTAGGT-1;2
CTATTACTCTACTAAG-1;1
CTATTCAGTGGTTAGC-1;0
CTATTCAGTGTTCCCA-1;5
CTATTGAAGGCCAATT-1;1
CTATTGAAGTGAACGA-1;1
CTCAATAAGCACTAGT-1;0
CTCAATAAGCATCCAG-1;3
CTCAATAAGGTCAAAG-1;0
CTCACAACAACTAGAA-1;2
CTCACACTCCAATAGC-1;0
CTCACACTCTAACCTT-1;0
CTCACTCAGCAAGGGT-1;0
CTCAGGATCATCCTAT-1;0
CTCATCATCGGTCAGC-1;0
CTCATCATCTTGGATA-1;0
CTCATGACAAACTCAT-1;2
CTCATGACACCCACCT-1;4
CTCATGACATGAAGTA-1;0
CTCATGCTCAAGCCTG-1;6
CTCATGCTCATGTCAA-1;6
CTCATGCTCCTAATAG-1;0
CTCATTGTCATAATCG-1;3
CTCATTGTCCTACCTA-1;1
CTCATTGTCGCAGGCT-1;2
CTCATTGTCTGGTCCT-1;0
CTCATTTAGGGCCATC-1;2
CTCCAACTCAGGATGA-1;4
CTCCCTGAGTAGGCGG-1;1
CTCCGGACATTGTTGG-1;0
CTCCGTCCATTAGCGC-1;6
CTCCTCACACACCAAC-1;2
CTCCTCACAGCAAATA-1;0
CTCCTCACAGCATGGA-1;0
CTCCTGAGTTAAGGTT-1;0
CTCCTGAGTTGGCCGA-1;3
CTCGCTAGTAGCTGCG-1;5
CTCGTTATCCGCCTCA-1;2
CTCTAAGCAACTGGCT-1;5
CTCTAAGCAATCGCAC-1;2
CTCTAAGCAGGTTTGC-1;3
CTCTATGTCCTTAGTT-1;4
CTCTGTTCACATTAAC-1;0
CTCTGTTCATTTAAGC-1;0
CTCTTGATCCGCTAGA-1;4
CTGAAACTCACATTGA-1;1
CTGAAACTCTTGCAAA-1;6
CTGAATATCCTAATGA-1;0
CTGAATATCTACCTCA-1;0
CTGACATAGGAGCAAC-1;3
CTGACCAAGGACCAGG-1;2
CTGACCAAGGGTTATC-1;3
CTGACCAAGTCTCACC-1;0
CTGATCACAAATACCT-1;0
CTGCTACTCAACAAGG-1;0
CTGCTATGTAGCTGCG-1;1
CTGGACCAGGACTAAG-1;0
CTGGCTAAGCATGGTT-1;0
CTGGCTAAGCCGCTTT-1;2
CTGGCTAAGGATCACT-1;0
CTGGTAAGTATCTGGA-1;0
CTGGTCAAGTTATCTC-1;0
CTGGTTACATCATGGC-1;6
CTGGTTTGTTGACTTC-1;2
CTGTACCTCGGTTTCC-1;0
CTGTATTTCCTAAGTA-1;0
CTGTGTGAGTAACCAC-1;2
CTGTGTGAGTAACCCG-1;3
CTGTGTGAGTCACTCC-1;1
CTGTTAAAGCCTTAAA-1;0
CTGTTAAAGTAAAGGT-1;1
CTGTTCATCTTTGTAC-1;0
CTGTTGGAGGAAGTAT-1;0
CTTAAGATCACTTTAC-1;6
CTTAAGATCAGCTAAC-1;2
CTTACCGGTATTCGCT-1;2
CTTACCGGTCAAGACC-1;2
CTTACCGGTGCAACTA-1;0
CTTACCGGTTTGCGAA-1;2
CTTACCTCAGCCAGTT-1;0
CTTACTAGTCTTGCAT-1;0
CTTAGGAGTGATTACG-1;4
CTTAGGAGTGCCGCAA-1;2
CTTAGGAGTTGCTTCG-1;0
CTTAGTTTCCTAGTAA-1;3
CTTAGTTTCGAGCTAT-1;0
CTTAGTTTCGAGGTGG-1;4
CTTAGTTTCTAAGGAG-1;4
CTTAGTTTCTCACAAA-1;0
CTTATGTTCCTGATGG-1;1
CTTATGTTCTTTGTAC-1;0
CTTATTGGTTTACTTG-1;0
CTTCAAGCAGCATTAT-1;1
CTTCAAGCAGCTAACC-1;0
CTTCAAGCAGGAACCA-1;0
CTTCAAGCATGTTTGG-1;3
CTTCAATTCTTAGGGT-1;2
CTTCACTCACGGTTTA-1;4
CTTCGCGTCACAAGCT-1;2
CTTGAATCAATCCTGA-1;3
CTTGAATCACCTGTAA-1;0
CTTGACGAGTTTGTCT-1;0
CTTGCGCGTATTTGCC-1;0
CTTGCGCGTCCTAGTT-1;0
CTTGGACCATTAAGTC-1;2
CTTGTAAAGACAAACG-1;5
CTTGTCCAGCCTTAAA-1;0
CTTGTCCAGCGCATTG-1;1
CTTGTTCCAATTAGCT-1;0
CTTGTTTAGGACAACA-1;3
CTTTAGGCAAGGTATA-1;2
CTTTAGGCACCTAAGC-1;1
CTTTAGGCAGAGGCTA-1;2
CTTTAGTTCCTGATTT-1;1
CTTTGAGCACGAACAG-1;1
CTTTGAGCAGCAAGAT-1;1
CTTTGGGAGGGATGAC-1;3
CTTTGGGAGGTCCACA-1;0
GAAACTGAGCTAATTG-1;0
GAACCAAAGCCGCAAC-1;3
GAACCGCTCAAACCGT-1;0
GAACCGCTCACAGCCA-1;0
GAACCGCTCTACCTAT-1;2
GAACCTGTCCTCGATC-1;1
GAACCTGTCGGTTCCT-1;2
GAACGAATCCGCAAGC-1;0
GAACTTATCTATCGCC-1;1
GAAGCCTGTTCATTTG-1;0
GAAGCTAAGCTTTGGG-1;0
GAAGGCTAGGTTACGT-1;0
GAAGTAAGTGATTTGG-1;0
GAAGTAAGTTAGTTGG-1;1
GAAGTAAGTTTAGCTC-1;0
GAAGTAAGTTTGCTGT-1;0
GAAGTATAGGCTATGT-1;0
GAATTTGTCAATCTCT-1;3
GAATTTGTCAGTTCCC-1;4
GAATTTGTCCTAAATG-1;2
GAATTTGTCCTAATAG-1;6
GAATTTGTCCTCACAC-1;1
GACAATACAATGCCTA-1;0
GACAATACACAGAACG-1;0
GACAATACATACCCGG-1;4
GACATAGAGGCTCATG-1;0
GACATTATCATTACTC-1;0
GACCGTTCACAACAAA-1;0
GACCGTTCACAGGGAC-1;0
GACCGTTCACATTAAC-1;0
GACCGTTCACTGACTA-1;1
GACCTAAGTAAAGCGG-1;1
GACCTAAGTCAGGAAG-1;1
GACCTAGTCCAAATCA-1;2
GACCTCAAGTCATTAG-1;0
GACCTGATCCCATAAA-1;3
GACCTGCAGACACCGC-1;1
GACCTGCAGCGATAGA-1;0
GACCTGCAGTGAAGTG-1;0
GACCTGCAGTTTGGGT-1;0
GACCTTTGTTAAGCGC-1;5
GACGCAACATGACTAT-1;1
GACGCAACATTTGCTC-1;5
GACGCCTAGGAACCGG-1;6
GACGCCTAGTGTTGTA-1;5
GACGTAAAGCCATCAG-1;2
GACGTAAAGGCGAAAC-1;0
GACTATTCACATTAAC-1;4
GACTATTCACGTTACA-1;1
GACTATTCATGAGCAG-1;2
GACTCACCAAGGTCCT-1;4
GACTCACCAATTAGGA-1;0
GACTCACCAGCATGGA-1;6
GACTTACAGCCTGAGC-1;5
GACTTACAGGTAACGA-1;3
GACTTAGGTAATCGTG-1;3
GACTTAGGTATTGAGT-1;0
GACTTAGGTGGTTAGC-1;3
GACTTAGGTGGTTCCC-1;0
GACTTAGGTTACCTGT-1;0
GACTTAGGTTGTGATG-1;6
GAGAAACGTCTAACCT-1;4
GAGAAACGTGTTAAAC-1;4
GAGAAACGTTTGCAGA-1;1
GAGAACCAGCAACATC-1;0
GAGAACCAGGTTACAC-1;3
GAGAGGCGTAGGATCC-1;5
GAGAGGCGTGCTTTAC-1;0
GAGATAAGTAACAGGG-1;1
GAGATAAGTCAAGACC-1;4
GAGCAAATCTTGCAGG-1;0
GAGCAAGGTCTTGCTG-1;0
GAGCAAGGTTAATGAC-1;5
GAGCATGCAAGCGATG-1;1
GAGCCACTCCGCATGA-1;5
GAGCCACTCTTAGTGA-1;0
GAGCCTTCACCTACTT-1;4
GAGCCTTCACTGACCG-1;1
GAGCCTTCATAGACTT-1;4
GAGCGAAGTTCGGTAA-1;3
GAGCGAAGTTTGCAGA-1;4
GAGCGGTCAATAGCCC-1;4
GAGCTGCTCATCAGTA-1;0
GAGCTTGTCATTGTCT-1;3
GAGCTTGTCGCTAGTG-1;0
GAGGACTAGCTATGAC-1;0
GAGGACTAGGCTAATC-1;5
GAGGAGGCACTTAACG-1;3
GAGGAGGCAGCCTAAC-1;1
GAGGAGGCAGTTAAAG-1;0
GAGGAGGCAGTTATCG-1;0
GAGGCAAGTAACGAGG-1;3
GAGGCCTTCACGCGGT-1;0
GAGGCTACAAAGCGGC-1;0
GAGGCTACAAGTGAAC-1;5
GAGGCTTGTAATAGCT-1;2
GAGGCTTGTCATTGTC-1;3
GAGGCTTGTTTAACCC-1;5
GAGGTAGGTTAGTACG-1;3
GAGGTTAAGCCTCTGT-1;0
GAGGTTAAGCCTTAAA-1;0
GAGGTTAAGCGCCTTT-1;0
GAGGTTAAGTAGGATG-1;0
GAGGTTAAGTTGTCCC-1;1
GAGTAACCAACCCTAA-1;0
GAGTAACCATAAGTTC-1;1
GAGTAATAGACTAAGG-1;0
GAGTAATAGGAACGGT-1;0
GAGTATCTCTTGCTAT-1;0
GAGTCAAAGCAAGATG-1;2
GAGTCAAAGCATGAAG-1;0
GAGTCAAAGCCTAATA-1;0
GAGTCAAAGTTCCTGC-1;1
GAGTCATTCAGGCCTA-1;3
GAGTGATCACTAAGTT-1;2
GAGTGATCAGGCTTCG-1;0
GAGTGTTTCCAGCACA-1;2
GAGTGTTTCTTAGTGA-1;3
GAGTTACTCCGTCCAT-1;0
GAGTTGCGTTCTTTAG-1;4
GAGTTTGGTAACCTAG-1;3
GAGTTTGGTACTTAGG-1;4
GAGTTTGGTCACGAAC-1;4
GATAAAGGTCAATACG-1;0
GATAAAGGTTGTAAAC-1;0
GATAACGAGAGGAGGA-1;0
GATAAGCCACATTGCA-1;1
GATAAGCCATTATGCG-1;4
GATAATCGTGTGTGGT-1;3
GATAATCGTTACCGGG-1;0
GATAGACCAGCCAGAA-1;1
GATCAAGAGATACTTG-1;2
GATCACTAGTTGGGCC-1;3
GATCAGGCACAGGATG-1;3
GATCAGGCAGGATGGC-1;4
GATCAGGCATTGACAT-1;0
GATCCGTCAAATATCC-1;0
GATCCGTCAAGGTCCT-1;4
GATCGATTCCGCCTCA-1;3
GATCGATTCCTTTACG-1;2
GATCGCTCAAGCTACC-1;6
GATGAGGGTCTTGCAT-1;0
GATGAGGGTGGATTCA-1;0
GATGCAGCAATGCGCT-1;5
GATGCATTCAGTTCCC-1;1
GATGCATTCATAACGC-1;0
GATGCATTCCGCAAGC-1;1
GATGCATTCGTAATCA-1;3
GATGCGACATAGACCC-1;4
GATGCTTAGTAAACCC-1;0
GATGGACAGGCACAGG-1;1
GATGGCTGTTACTTCA-1;2
GATTAAGCAGTTTCTC-1;3
GATTACTCACGAATCC-1;3
GATTACTCAGGTCCTG-1;2
GATTACTCATCAGTAT-1;3
GATTAGCTCTTACTCG-1;0
GATTAGTGTGCAACTA-1;2
GATTAGTGTGTCCAGG-1;0
GATTATGTCGGTAACT-1;3
GATTATGTCTCACATT-1;0
GATTCAATCCAAATCA-1;0
GATTCAATCCTGGTCT-1;6
GATTCAGGTCCTAAGA-1;0
GATTCATCAATGCCCG-1;0
GATTCGCCACCCTCAC-1;0
GATTCGCCAGCACCAT-1;1
GATTGATGTTGTCCAT-1;0
GATTGCAGTTTAACGG-1;1
GATTGCGTCAATGTGC-1;2
GATTGGCGTTGTCATC-1;0
GATTGTTCAAACCTAT-1;2
GATTTGCAGACTCGCA-1;1
GATTTGCAGGCAATAG-1;1
GCAAACCGTCATTGAG-1;0
GCAACAGCATCTTGAG-1;1
GCAAGCCTCACTTCAT-1;1
GCAAGCCTCATTTAGG-1;0
GCAAGTCGTTCAAGAT-1;3
GCAAGTGCACTAAGCC-1;4
GCAAGTGCATTGTGGC-1;2
GCAATATGTAGTCAAT-1;2
GCAATATGTTTCCTCC-1;0
GCAATCTAGAATCTCA-1;1
GCAATCTAGGAACGCG-1;0
GCAATCTAGGCCCAGT-1;1
GCAATCTAGTTTGCGG-1;0
GCAATGTTCATCCTAT-1;2
GCAATGTTCCTCATCA-1;1
GCACATTAGATAAAGC-1;0
GCACATTAGGAAGTAT-1;4
GCACATTAGGCGCTAC-1;0
GCACATTAGTAGAGGC-1;2
GCACATTAGTTCCCAC-1;1
GCACCTAAGCCTCTGT-1;1
GCACGGTTCAAGTGAG-1;0
GCACGGTTCCGTCCAT-1;0
GCACGGTTCGCTTGCT-1;5
GCACTAAGTTAGCTGA-1;2
GCAGCAACAATAATCC-1;2
GCAGCCAGTACCGTTT-1;4
GCAGCTATCAAATCGC-1;0
GCAGGAAGTTCCTGTG-1;0
GCAGGACCAAATACCT-1;3
GCAGGATAGGCAGGTG-1;0
GCAGGATAGTTCCCAC-1;3
GCAGGCTTCTTAGCCC-1;4
GCAGGTGAGACTCGCA-1;0
GCAGGTGAGATGCCTG-1;2
GCAGGTGAGGCCAATT-1;1
GCAGGTTGTGGATTGC-1;4
GCATCCTTCTGGCAAT-1;1
GCATCCTTCTGGTCCT-1;4
GCATCCTTCTTAGTCT-1;1
GCATGAAAGGGTTAGA-1;0
GCATGAGCATTTGCTC-1;3
GCATTAGGTACGGGTT-1;0
GCATTAGGTACGTTTC-1;4
GCATTGCCACTAAGAA-1;2
GCCAATAGTGGTTAGC-1;0
GCCACACAGCGGATTT-1;4
GCCACACAGGAATAAC-1;0
GCCACTAAGATGGACA-1;0
GCCACTAAGTGAGCAA-1;3
GCCAGGTTCTTGTCTG-1;2
GCCATGATCGGTACGC-1;5
GCCATGATCGTTACTT-1;0
GCCATGATCTGCAACG-1;4
GCCATTACACAATACT-1;0
GCCCAAATCATCACTT-1;5
GCCCATAAGGCTTAAC-1;0
GCCCTCATCAAACCTA-1;1
GCCTCAAAGCTGGACC-1;3
GCCTCGACACTTAACG-1;2
GCCTGCTGTAATAACC-1;3
GCCTGCTGTAGGATCC-1;2
GCCTGCTGTGGTGAGA-1;0
GCCTGCTGTTAACAGT-1;2
GCCTGTGCACCTGGTG-1;0
GCCTTAACAAGGATTA-1;2
GCCTTAACACCTGCTC-1;2
GCCTTACTCCTCCATA-1;4
GCCTTAGAGAAGGTGC-1;0
GCCTTGCGTTGGTGAC-1;3
GCCTTTATCAAAGGCA-1;3
GCCTTTATCCCTCACG-1;0
GCCTTTGGTCTCACTG-1;0
GCCTTTGGTGGTTCCC-1;1
GCCTTTGGTTAGAGCC-1;0
GCCTTTGGTTAGGCTA-1;0
GCGAAGCCAAGGATTA-1;1
GCGAAGTAGGATCACT-1;0
GCGAAGTAGTTAGAGG-1;0
GCGATATTCATTACAG-1;5
GCGCAAACAAGCTAAA-1;2
GCGCAAACAGGTATTT-1;3
GCGCAATGTAGGTTTG-1;6
GCGCAATGTAGTTAAC-1;0
GCGCCTTGTCACAGCG-1;3
GCGCCTTGTGCTTTAC-1;2
GCGCCTTGTTTGTGGA-1;1
GCGCGATTCGAGGAGT-1;0
GCGCTAGGTGAATCGC-1;2
GCGCTAGGTTAGGTTG-1;0
GCGCTTAAGACTTACA-1;0
GCGCTTAAGGACACTT-1;0
GCGCTTAAGGCTTAGT-1;3
GCGCTTGCACCCTCAC-1;1
GCGGGTTTCATAGCCG-1;3
GCGGGTTTCCCAGTAG-1;1
GCGTAACGTGTGTCCC-1;5
GCGTGCTAGGATTTGC-1;5
GCGTTTCTCCTGCGAA-1;0
GCTAACAGTTTACTTG-1;2
GCTAACAGTTTATGGG-1;1
GCTAACCCAACAACAA-1;6
GCTAAGAAGGCACAGG-1;3
GCTAAGAAGTTAGCTA-1;5
GCTAAGCGTACAAAGA-1;6
GCTAAGTTCTGTAAGC-1;0
GCTAATATCAGTGAAG-1;0
GCTAATATCCTGGCTT-1;0
GCTAATATCGCAGGCT-1;0
GCTAATATCTACCTCA-1;2
GCTAGTGTCGATTATG-1;2
GCTATCCTCTAATCCT-1;1
GCTCAACCATAGACCC-1;0
GCTCAACCATGCTCCC-1;0
GCTCACAAGACCATAC-1;0
GCTCACAAGGCAGGTG-1;6
GCTCACAAGTCGCTAG-1;1
GCTCCTTAGCAGGTGG-1;5
GCTCCTTAGCGCATTG-1;3
GCTCGATCATAGCGGA-1;5
GCTCTGGCACGTAATT-1;2
GCTCTGGCAGTAAAGC-1;2
GCTGACATCATGTGGT-1;0
GCTGACATCGGTCATG-1;4
GCTGACCAGCTCCTTA-1;2
GCTGACCAGGTTTGCG-1;1
GCTGACCAGTTCCTGC-1;6
GCTGAGGAGTCCTTTG-1;1
GCTGCAATCATGCTAA-1;3
GCTGCACAGCCTAACG-1;0
GCTGCACAGTAAAGGT-1;3
GCTGCACAGTCATGCG-1;3
GCTGCACAGTGAACAG-1;3
GCTGGATGTAAGCTCA-1;1
GCTGGATGTCGCATAA-1;1
GCTGGATGTGATGAAA-1;0
GCTGGTTCAAGCTAAA-1;1
GCTGGTTCATCAATCG-1;3
GCTGTGATCCGTGACA-1;1
GCTGTGATCTTACTCG-1;0
GCTGTGCAGTAACCCG-1;2
GCTTAAATCATTAGGC-1;2
GCTTAAATCGTTATAG-1;1
GCTTACCTCCTAAGGT-1;3
GCTTACCTCTGTGAGT-1;3
GCTTATCGTAAGCTTG-1;5
GCTTATCGTTAATCGG-1;0
GCTTCGCGTAGCTGCG-1;3
GCTTCGCGTGGAGCAA-1;0
GCTTGACCAATATGGA-1;6
GCTTGTTGTTGCGCGA-1;1
GCTTGTTGTTTGCTGT-1;3
GCTTTACGTCTTGCTG-1;2
GCTTTACGTTAGCGTA-1;4
GCTTTATTCCCGTTTA-1;2
GCTTTCATCGCTTGCT-1;0
GCTTTGTGTAGTAAGA-1;2
GCTTTGTGTCCAAGAC-1;1
GCTTTGTGTGTGCACG-1;0
GCTTTGTGTTAGCCAA-1;2
GGAAACTCATTAGCGC-1;2
GGAACAATCAGGAACA-1;0
GGAACAATCATTTAGG-1;2
GGAACCACAAGGAATC-1;3
GGAACCACAATGCCCG-1;4
GGAACCACATCCATCT-1;0
GGAACCTGTAATCGTG-1;0
GGAACCTGTGGTGAGA-1;0
GGAACGGTCCTTGCGT-1;1
GGAACTAAGCAATAGG-1;0
GGAACTAAGCCTGATG-1;0
GGAAGCTAGATGCCTG-1;3
GGAAGCTAGCCTCTCG-1;0
GGAAGCTAGGGCTAAA-1;3
GGAAGTATCCCGTTTA-1;1
GGAATCTTCAGTATTG-1;4
GGAATCTTCATAATCG-1;2
GGAATCTTCGATAACC-1;1
GGACAGCCAACGTGCT-1;0
GGACAGCCAAGACTCC-1;1
GGACAGCCACCTGCTC-1;2
GGACAGCCATCCCGCT-1;0
GGACATAAGAAAGCAT-1;4
GGACATAAGTAGGATG-1;0
GGACCGAAGGCCAATT-1;0
GGACCGAAGTTCCTCA-1;0
GGACGAAGTTAGGACC-1;3
GGACGAAGTTATCCTA-1;0
GGACGGATCAAGGACA-1;2
GGACGGATCAATTGGC-1;1
GGACTAAAGGTTAGCT-1;1
GGACTAAAGTTATGGC-1;0
GGAGCATAGCCTGTTC-1;3
GGAGCATAGGCATGAA-1;0
GGAGCATAGTCGCTAG-1;3
GGAGCATAGTCTGGGC-1;5
GGAGCGATCAAGTGTC-1;3
GGAGTCTGTTAATGCG-1;6
GGAGTGAGTCAAGTGC-1;0
GGAGTGAGTTCGGTAA-1;1
GGAGTGAGTTTAGTCC-1;4
GGATAACCATGTTGGC-1;6
GGATACTTCACGCGGT-1;1
GGATACTTCTAGCTTT-1;0
GGATATTGTAAGTCGC-1;0
GGATATTGTTTAACGG-1;0
GGATGGCCACAATGCC-1;4
GGATGTAAGTCTGGGC-1;0
GGATTATGTTAACACG-1;0
GGATTCAGTTCGGGAT-1;0
GGATTGCGTGATCATG-1;1
GGATTGCGTTAAGGCC-1;0
GGATTTATCACCGGTA-1;0
GGATTTATCCTGATGG-1;3
GGATTTATCGGTCATG-1;0
GGCAAATCATAGCGAG-1;0
GGCAATCGTCACGGAT-1;0
GGCAGGATCCTTAATC-1;2
GGCATGGAGACTAAGG-1;0
GGCATGGAGCTCGCTT-1;4
GGCATGGAGTATGTGC-1;3
GGCATTAGTACGGGTT-1;3
GGCATTAGTTAAGGCC-1;0
GGCATTAGTTCACCCA-1;0
GGCCAACTCATTGCGG-1;4
GGCCAACTCCGCACAA-1;3
GGCCAGTTCCTAAATG-1;0
GGCCATCAGAAAGCAT-1;2
GGCCATCAGCTATTAG-1;3
GGCCATCAGTATGTGC-1;0
GGCCATCAGTGTTGTA-1;0
GGCCGTTAGCCTGATG-1;1
GGCCGTTAGGTTAGAG-1;1
GGCCTTAAGCGGCTGT-1;3
GGCCTTAAGCGTGCGT-1;0
GGCCTTAAGGGACGCA-1;0
GGCCTTCGTAACCACA-1;0
GGCCTTCGTTGTCCAT-1;0
GGCGCTAGTATTACCC-1;3
GGCGCTAGTTGCACAA-1;1
GGCGGTAAGGAAACTG-1;1
GGCGGTTTCTAGCGTG-1;0
GGCGGTTTCTGGCATG-1;4
GGCGTTATCACGCCAA-1;5
GGCGTTATCGGCCAGT-1;0
GGCTAGACAAAGGCCA-1;0
GGCTAGACAGCAAGGC-1;0
GGCTAGTGTTCCTCCT-1;5
GGCTAGTGTTGGTGAC-1;5
GGCTATGTCCAAACAC-1;0
GGCTATTAGCCGCTAA-1;0
GGCTATTAGCGATAAG-1;1
GGCTATTAGCTGAGGG-1;4
GGCTCACAGTCAGGCC-1;0
GGCTGAGAGCAAGATG-1;5
GGCTGAGAGCCTCTCG-1;3
GGCTGAGAGGCGGATG-1;1
GGCTGAGAGTCAGGCC-1;0
GGCTGGTTCCGTCCAT-1;0
GGCTGGTTCCTGAGTG-1;3
GGCTGGTTCGACAAAG-1;0
GGCTGTCAGTAGCCAT-1;0
GGCTTCAAGCAATAGG-1;6
GGCTTCAAGCGGGCAA-1;5
GGCTTCAAGTTTGAGC-1;2
GGGAATATCAAAGGCA-1;1
GGGAGTAGTTAATCGG-1;0
GGGATAATCGTGCTAG-1;2
GGGCATGAGAAACTGG-1;1
GGGCATGAGGAGCACG-1;1
GGGCATTGTCGCGCAA-1;3
GGGCATTGTTGGATCA-1;6
GGGCCTAGTATTGGAT-1;4
GGGCCTAGTGGTTATG-1;3
GGGCGAATCGCAAACT-1;0
GGGCTAACAGGACCTT-1;0
GGGCTAACAGGATAAC-1;1
GGGTATTTCTTAGGGT-1;1
GGGTCAACAGGTTACC-1;4
GGGTCAACATTGTCCT-1;0
GGGTCACTCCCGCAAA-1;0
GGGTGAAGTGGATTCA-1;0
GGGTTATTCACCAATA-1;4
GGGTTATTCACCTGTC-1;2
GGGTTATTCGCGCTAA-1;2
GGGTTATTCGCTAGTG-1;2
GGGTTTCCATCACAGC-1;2
GGGTTTGTCCTAATAG-1;2
GGGTTTGTCCTTGTTG-1;0
GGTAACCGTTCCTGAT-1;5
GGTAACTTCAAGCCTG-1;1
GGTAACTTCTCTAGCC-1;2
GGTAATTGTACCCACC-1;0
GGTACAAAGAGGCTAA-1;0
GGTACAAAGGCTTAAC-1;4
GGTACAAAGGTCTTGG-1;1
GGTACAAAGTCAGTAC-1;3
GGTACCGGTAGCAGCT-1;2
GGTACCGGTATTTGCC-1;1
GGTACCGGTGGATTAT-1;0
GGTACTAGTCCTTCTC-1;0
GGTATGTTCAATGAGG-1;1
GGTATGTTCTTGCATT-1;3
GGTATTGGTTGGCGTG-1;3
GGTATTTCAACTGGCT-1;1
GGTATTTCACGAATTT-1;0
GGTATTTCAGTTGCGT-1;0
GGTCAATTCGCTTCTA-1;0
GGTCAATTCTAATCAG-1;0
GGTCAATTCTACCTGC-1;2
GGTCAGGAGAGGCTAA-1;2
GGTCAGGAGCTGAGGG-1;0
GGTCCGTAGCAAACCT-1;6
GGTCCGTAGGCGCATC-1;4
GGTCCTGCAGGACCTT-1;2
GGTCCTGCAGGCCTTG-1;0
GGTCGGTTCGTCAAGT-1;0
GGTCTTGAGGCGAAAC-1;0
GGTCTTGAGTTACTTC-1;3
GGTGAGCCAATTAGCT-1;4
GGTGAGGTCAATGAGG-1;0
GGTGAGGTCATAAGCC-1;0
GGTGAGGTCGGGCCAT-1;0
GGTGAGGTCGGTTTCC-1;5
GGTGAGTAGCTAGAAG-1;0
GGTGAGTAGGGTGAAC-1;0
GGTGCTGGTCATTAGG-1;2
GGTGCTGGTTAATGCG-1;0
GGTGTGACAGGCCAAA-1;0
GGTGTTGTCGGTTTGG-1;5
GGTGTTGTCTAGCGTG-1;0
GGTTACCCATTAAGTC-1;0
GGTTACTAGCCTCTCG-1;0
GGTTACTAGGGTTATC-1;0
GGTTAGCGTCACGGAT-1;3
GGTTATATCACCGGTA-1;2
GGTTATATCCTAATAG-1;3
GGTTATGGTCAAAGAA-1;1
GGTTATGGTCCGGTTC-1;2
GGTTCCCGTTCGGTAA-1;2
GGTTCTTGTGCTTTAC-1;0
GGTTCTTGTTTAAAGC-1;2
GGTTGAGCAAGCTTTG-1;0
GGTTGAGCAGACAAAC-1;3
GGTTGAGCAGCCAGAA-1;2
GGTTGAGCAGCTCAAC-1;0
GGTTGAGCATCGCTTT-1;6
GGTTGCATCACAGGAA-1;2
GGTTGCATCTGCAAGT-1;0
GGTTGCGGTGGACATC-1;4
GGTTGCTCAAACGGGC-1;1
GGTTGCTCAGCCGCTA-1;0
GGTTGCTCATTAAGTC-1;2
GGTTGGTGTTCATTTG-1;3
GGTTTCCTCAATACGC-1;0
GGTTTCCTCAGAAACG-1;4
GGTTTCCTCATTGTTC-1;4
GGTTTCCTCTCACACC-1;1
GGTTTCTGTACCGTTT-1;0
GGTTTCTGTAGCCATA-1;0
GTAAAGCCAAGCCAGA-1;0
GTAAGCAAGGGTGAGT-1;0
GTAAGCGCAATAATGG-1;2
GTAAGCGCATTATGAC-1;1
GTAAGGTCACAGGATG-1;0
GTAAGGTCATAAGGAC-1;3
GTAAGGTCATGTTTGG-1;1
GTAATAGCAAGGCCAA-1;2
GTACACCCAAGTAAGC-1;4
GTACACCCAGCCAGAA-1;2
GTACACCCAGTTAGCC-1;1
GTACCGGGTTACATCC-1;0
GTACCTTGTGAGAAAC-1;0
GTACGTAGTAATAACC-1;4
GTACGTAGTATTGTCC-1;5
GTACTAATCCTTTACG-1;1
GTACTAGGTGTTAGCA-1;3
GTACTGGTCGCACACA-1;2
GTACTGGTCGCTAGCA-1;1
GTAGCCATCAGCAAGA-1;3
GTAGCCATCAGCATTA-1;0
GTAGCCATCTACCTCA-1;3
GTAGCGCTCGGTTACG-1;0
GTAGCGCTCTGTGCAG-1;1
GTAGCTGTCTTACTCG-1;0
GTAGGAGGTTACAACG-1;1
GTAGGAGGTTTAGCTC-1;0
GTAGGATCATACTCCT-1;3
GTAGGATCATCTAGCA-1;2
GTAGGCGAGGAACGCG-1;1
GTAGGCGAGGCGTAAA-1;3
GTAGTTATCCCGTTGT-1;0
GTAGTTATCCTAAGAC-1;1
GTATGTGGTTATTGCC-1;0
GTATGTTCATCCTGAA-1;2
GTATGTTCATTCCTGT-1;4
GTATTCAAGCACTAAC-1;0
GTATTCAAGTAAGAAC-1;0
GTATTGATCAGCTAAC-1;1
GTATTGATCATCCACC-1;3
GTATTGCAGCTGCACA-1;1
GTCAAACTCCTAGTCC-1;2
GTCAAACTCTAGCGTG-1;6
GTCAATATCTAACTGA-1;3
GTCAGGCTCCCTGTTA-1;1
GTCAGGCTCTGGCTTC-1;0
GTCATCACAGGCTACT-1;2
GTCATCCTCACCATTT-1;3
GTCATCCTCCTACCTA-1;2
GTCATGAGTATTGGTG-1;1
GTCATGAGTTACGCAA-1;1
GTCATGAGTTTGGGTA-1;0
GTCATGCCAACAGCCT-1;0
GTCATGCCAACCTGGT-1;3
GTCATGCCATCGCTCC-1;3
GTCATTAAGTAAGTCC-1;2
GTCCAAGTCTCAATTC-1;0
GTCCAGGGTAGTTACG-1;0
GTCCAGGGTTACTTCA-1;2
GTCCATTGTACTGAAT-1;4
GTCCGTAAGGCTCATG-1;2
GTCCTCAGTGCTAGAC-1;0
GTCCTCCCATTATGAC-1;5
GTCCTCCCATTGTGTG-1;2
GTCGAGGAGAGGAAGG-1;5
GTCGAGGAGTAACTCA-1;3
GTCGCAATCGGGCCAT-1;6
GTCGGTTCAATTGCGC-1;3
GTCGGTTCATAATGAG-1;0
GTCTAACAGTGAGGTA-1;1
GTCTAATCAAGTCGCT-1;6
GTCTAATCACTTAGGC-1;2
GTCTAATCATCCTAGA-1;0
GTCTAATCATCCTGAA-1;3
GTCTATCGTCACAGAC-1;2
GTCTATCGTGATCATG-1;1
GTCTATCGTTTGGGCG-1;0
GTCTTTAGTTCCTGAT-1;0
GTCTTTGTCCAATAGC-1;6
GTGAGCGAGAGGAGGA-1;2
GTGAGCGAGGAAGTAT-1;3
GTGAGGAGTCAGGCCA-1;2
GTGATCAGTTACAAAC-1;2
GTGATGAAGCGAGTAA-1;1
GTGATGAAGCGCATTG-1;5
GTGATGAAGCGTGCAC-1;0
GTGCACGGTAATCACG-1;0
GTGCACGGTATTCGTC-1;1
GTGCACGGTGACATGC-1;1
GTGCATTAGTTTGGGT-1;1
GTGCCTTTCGAAGTAG-1;5
GTGCCTTTCTGCAAGT-1;4
GTGCCTTTCTTGACCC-1;0
GTGCGCAGTGTCCAGG-1;0
GTGCGGTTCCCGCATT-1;0
GTGCTCAAGAAACTGG-1;2
GTGCTCAAGCTTTGTT-1;1
GTGCTCCGTAAGCTCA-1;1
GTGCTCCGTGCATCGG-1;5
GTGCTCCGTTTAGCGA-1;0
GTGCTGATCAGGTCCA-1;0
GTGCTTACAATTGAAG-1;3
GTGCTTCTCGAAGTGA-1;3
GTGGACACACTATGGC-1;2
GTGGACACATTCCTGT-1;4
GTGGACACATTTGCTC-1;2
GTGGATGCAGCTTACA-1;0
GTGGCTTCATGAATAG-1;4
GTGTAACTCTTAGTGA-1;2
GTGTCCAAGGAAGTAT-1;3
GTGTGAGCAAGGTACG-1;1
GTGTGAGCATTATGGT-1;3
GTGTGTTAGCGATACT-1;0
GTGTGTTAGGCCAATT-1;1
GTGTTACAGGTCAAAG-1;0
GTGTTACAGTGACCTG-1;1
GTGTTCCTCTTGACCC-1;1
GTTAAACGTCAAAGGG-1;6
GTTAAACGTGGGTACT-1;0
GTTAAACGTTGCGCGA-1;2
GTTAACCAGAGGATAT-1;6
GTTAACGGTACAAAGA-1;0
GTTAATGTCCTCCTAA-1;1
GTTAATGTCCTTAAGA-1;0
GTTAATGTCGTACCGA-1;2
GTTAATGTCTAATCTC-1;2
GTTACAGGTATTGTCC-1;3
GTTACCTGTACGTTTC-1;1
GTTACGTAGCCTCTGT-1;1
GTTACGTAGCTGTAAC-1;1
GTTACGTAGTACTGGT-1;1
GTTACTAAGGACTTAC-1;1
GTTACTCGTATGGTGC-1;3
GTTACTCGTTAGCATG-1;2
GTTAGGCGTATTGAGT-1;1
GTTAGGCGTGTTGTGA-1;2
GTTAGGCGTTAGGTGC-1;1
GTTCACCTCATCCTGC-1;1
GTTCACCTCTTGGATA-1;0
GTTCCCAGTGCTCACC-1;0
GTTCCCAGTTTGGTTC-1;4
GTTCCTGGTCCTTTAA-1;0
GTTCCTGGTTCGCTCA-1;3
GTTCCTGGTTGCGTAA-1;1
GTTCGCTTCAAGCTTA-1;0
GTTCTCATCCTGATGG-1;3
GTTCTTGTCACACAGT-1;0
GTTGCATAGCTAAGTC-1;0
GTTGGAGCATCATGTG-1;0
GTTGGAGCATTATGAC-1;0
GTTGGCCAGACTATTG-1;4
GTTGGCCAGCATTAGC-1;0
GTTGGCGGTCAAGACC-1;0
GTTGGCGGTGGGAACA-1;0
GTTGGCGGTTAAGCTG-1;0
GTTGGCGGTTATGTGG-1;1
GTTGTGAGTAGCCTCC-1;6
GTTGTTGCACAGAACG-1;4
GTTGTTGCATGCAACC-1;3
GTTTAACCAAGCGAGC-1;5
GTTTAACCAGCACCAT-1;1
GTTTAGCAGCTTCCCG-1;3
GTTTAGCAGGAAACTG-1;2
GTTTAGCAGGAGCATA-1;0
GTTTAGCAGGTTACGT-1;1
GTTTCAGCAATTGAGA-1;0
GTTTCCTCAGGATAAC-1;3
GTTTCTAGTTGGTTAG-1;0
GTTTGTTTCCACCTGT-1;5
TAAACAGCAGGCTTGT-1;0
TAAACAGCATGTCAAT-1;5
TAAAGCCTCTTGCTAT-1;0
TAACCAGGTCCCGAAG-1;0
TAACCTAAGACTAAGG-1;2
TAAGCCAGTTGCCTCA-1;1
TAAGCTATCATCCTAT-1;3
TAAGCTGGTTGTCCAT-1;0
TAAGGACCAGAGGCTA-1;3
TAAGGCTTCAATTGGC-1;1
TAAGGCTTCTGTTGCC-1;1
TAAGTAGCAGTGAACG-1;3
TAAGTAGCATCCTGAA-1;1
TAAGTGCTCATAGCCG-1;6
TAATCACCAACCCTAA-1;0
TAATCACCACTTAGGC-1;5
TAATCACCAGTAGGTG-1;1
TAATGCATCAGGCCTA-1;2
TAATGCATCCGCAACA-1;1
TAATGCATCCTAGTTT-1;5
TAATGCATCCTCCATA-1;1
TAATGCATCGCGACAC-1;3
TAATGGACACAGGATG-1;0
TAATGGTGTAGGTGTC-1;0
TAATTGCCAAAGGTAC-1;1
TAATTGCCAGGTATTT-1;4
TAATTGCCATAATGTC-1;1
TACAAGCTCCCTCACG-1;3
TACAAGCTCTAACCAA-1;3
TACAATGTCGCTAAGT-1;0
TACAATGTCGTTAAGC-1;6
TACAATGTCTAAGTGC-1;2
TACAGCTAGGCGAATA-1;3
TACATCAAGGTCCTAG-1;0
TACCAAATCCCTCTAA-1;3
TACCAGGTCAAACCGT-1;4
TACCAGGTCGGTCAAT-1;1
TACCGAAGTCATGCAA-1;6
TACCGAAGTCGCGCAA-1;1
TACCGCAAGCCTCTGT-1;0
TACCGCAAGTTTGGTA-1;1
TACCGTTGTACCGTTT-1;3
TACCGTTGTATCTGGA-1;4
TACCGTTGTGGACCTG-1;5
TACCGTTGTGTTGTAG-1;0
TACCTTAGTAGTTACG-1;0
TACCTTTAGTAACCCG-1;0
TACGCACCAATACTGT-1;0
TACGCACCATGCTTAG-1;0
TACGCTTGTGGATTGC-1;0
TACGGATTCATCCTAT-1;1
TACGTAATCGCAACAT-1;3
TACGTAATCGCATCCT-1;3
TACGTACAGACACTTA-1;3
TACGTTAAGGACACTT-1;0
TACTAAGTCGCTCCAT-1;1
TACTAAGTCGTGCTAG-1;0
TACTCAAAGTCTATGA-1;0
TACTGAGGTTAGCGTA-1;1
TACTGAGGTTTACTTG-1;3
TACTGCACAACTGGGA-1;2
TACTGGCCATGTTTGG-1;1
TACTTCGTCAAGACTC-1;0
TACTTGTTCCGCCTAT-1;0
TAGAGCCGTAGCCATA-1;3
TAGCAGGCAGCACGTT-1;0
TAGCCGGGTAACCACA-1;0
TAGCCGGGTCCTTAGT-1;2
TAGCCGGGTTATGTGG-1;2
TAGCCTCTCATGGTGT-1;0
TAGCCTCTCTAAGGAG-1;0
TAGCCTCTCTATGACA-1;1
TAGCCTGAGGGCTAAA-1;4
TAGCGCGGTTTATGGG-1;0
TAGCGGCTCAGTATTG-1;2
TAGCTAATCAAGTGTC-1;3
TAGCTAGGTTCAAGAT-1;2
TAGCTTAAGCACTAAC-1;0
TAGCTTAAGGGCCACT-1;0
TAGCTTGCAGGCTAAG-1;2
TAGCTTGCATGTCGCG-1;3
TAGGAACCAAACCCTA-1;0
TAGGAGTCACCTACGG-1;1
TAGGAGTCACCTGCTC-1;0
TAGGAGTCATGAGCAG-1;2
TAGGAGTCATTGCGGT-1;3
TAGGCTAGTCATTACC-1;1
TAGGCTAGTTAACGAT-1;2
TAGGCTGTCAATCTCT-1;1
TAGGCTGTCGGGACCT-1;3
TAGGCTTAGATTCCTT-1;3
TAGGCTTAGTAACGGA-1;6
TAGGGTTTCGCACACA-1;0
TAGGTTATCCCGCAAA-1;3
TAGTAACGTGGTTAGC-1;2
TAGTAACGTTGTCCAT-1;1
TAGTAAGCAACTAGGG-1;0
TAGTAAGCACAGGAAT-1;4
TAGTAAGCAGCATGGA-1;1
TAGTAAGCATTATGGT-1;0
TAGTACGGTATTGAGT-1;3
TAGTACGGTGCTGGTG-1;1
TAGTAGGAGGATTGCT-1;2
TAGTCAATCAAAGGCA-1;5
TAGTCAATCAGGTTTA-1;0
TAGTCAATCGAGGAGT-1;4
TAGTGAGAGCTCCCTG-1;1
TAGTGGCGTTAATCGG-1;0
TAGTTGTCATGAATCT-1;4
TAGTTTGAGCCGCTTT-1;4
TAGTTTGAGTAGGCGG-1;0
TATAACCCACGTAATT-1;0
TATAGCCAGCTCCTTA-1;1
TATAGGTGTAACCACA-1;6
TATATCCTCTCTAGCC-1;1
TATCACAAGAGGGACT-1;3
TATCACGCAAGTGTCC-1;0
TATCACGCACCGTTCC-1;0
TATCACGCATTGTGAT-1;1
TATCCAGCAAGACTCC-1;2
TATCCAGCACGTAATT-1;2
TATCCGGAGACAAACG-1;0
TATCCGGAGCACAGCC-1;0
TATCCGGAGGCCTAAT-1;1
TATCGAGGTAGGTTGC-1;4
TATCGAGGTTACATCC-1;0
TATCGCACAGGCGAGT-1;3
TATCGCGAGGACCTCA-1;2
TATCGCGAGGTCCTGA-1;1
TATGAAGCATTAAGTC-1;1
TATGGATGTCAGGCAT-1;0
TATGGATGTCTATCGT-1;0
TATGGCCCATCACTTC-1;2
TATGGCCCATCAGCAC-1;0
TATGGCCCATTAAGCT-1;0
TATGGGCGTAATGACT-1;2
TATGGTCAGCCATCAG-1;0
TATGGTCAGGCCTGGT-1;4
TATGGTCAGGTGAAGC-1;0
TATGTGATCGATAACC-1;0
TATGTGATCTGCAAAC-1;2
TATTACCTCAACAAGG-1;1
TATTACCTCATCCACC-1;0
TATTACCTCTAGCTAA-1;3
TATTACCTCTCAATGA-1;1
TATTAGCCAAGTGAAC-1;4
TATTAGCCACCTGGTG-1;2
TATTAGGTCTAGCTAA-1;1
TATTAGGTCTTGAGCG-1;3
TATTTGCTCCGTGACA-1;1
TATTTGCTCCTAATGA-1;0
TATTTGGAGCACAGCC-1;4
TATTTGGAGCGATACT-1;4
TCAAACCAGGGCCATC-1;3
TCAACAATCTATTGTC-1;0
TCAAGACTCACGAATC-1;0
TCAAGGAAGCTGCACA-1;4
TCAAGTATCATTATGG-1;2
TCACATAAGCACAGAA-1;6
TCACATAAGCAGCTCA-1;0
TCACCTCAGATGGAGC-1;3
TCACCTCAGGATTGCT-1;2
TCACCTCAGTGAGGGT-1;1
TCACCTGGTACTGAAT-1;1
TCACCTGGTCGCAATA-1;1
TCACCTGGTTTACTTG-1;0
TCACGGATCATTCATC-1;0
TCAGCAAGTGGAGCAA-1;0
TCAGCGATCTTTGAGA-1;0
TCAGGAGCAACTAGAA-1;4
TCAGGAGCATCCGTAA-1;5
TCAGGTCCACCTCGCT-1;2
TCAGGTCCAGGACACA-1;2
TCAGGTCCATCTAGCA-1;5
TCAGGTTAGGAAGTAT-1;4
TCAGGTTAGTCCTTTG-1;0
TCAGTAGGTACGCGCA-1;3
TCAGTAGGTTCCATTA-1;0
TCAGTGAGTCCCGGAA-1;2
TCATAACCAATCTCTC-1;1
TCATACTTCACCAATA-1;3
TCATCCATCATCCTGC-1;0
TCATCCATCGCTCCAT-1;3
TCATGCCTCCGGCTAA-1;1
TCATGCCTCGTTAGTA-1;2
TCATGTTTCGAAGCGG-1;0
TCATTTGGTACTGATG-1;2
TCCAGCAAGGGATGCG-1;0
TCCAGCAAGGTCCACA-1;1
TCCAGCAAGTTGTCTT-1;0
TCCAGGATCACAGCGC-1;2
TCCAGGTCAACTGGGA-1;3
TCCAGGTCAATTAGCT-1;0
TCCAGGTCAGGCTTCG-1;0
TCCATATTCGTTTCTG-1;0
TCCATCATCATTACGA-1;1
TCCATCATCGCATTAA-1;1
TCCATCATCTCGCCTG-1;0
TCCATGCTCATGAGCT-1;2
TCCATGCTCTTACTCG-1;0
TCCATGCTCTTGTTCG-1;4
TCCATTGTCACTAGGT-1;2
TCCATTGTCATTAGTG-1;2
TCCCGTTAGCGTGCAC-1;4
TCCCTCACATTAGGCC-1;0
TCCGCCATCGGTTACG-1;3
TCCGCCATCTCACACC-1;3
TCCGGTTTCAATTACG-1;1
TCCGGTTTCCTTGCAC-1;0
TCCGGTTTCGTTAGTA-1;3
TCCGGTTTCTTGATGA-1;1
TCCTAGTGTAAAGCGG-1;0
TCCTAGTGTGAGCACT-1;0
TCCTCAATCGTCCTTA-1;0
TCCTCACAGCTTTGTT-1;0
TCCTCACAGGAAACTG-1;3
TCCTCACAGGACCTTG-1;2
TCCTCTAAGTCACGAT-1;4
TCCTGGTTCGCTATAA-1;1
TCCTTCAAGCATGCAT-1;4
TCCTTTACATTCAGCA-1;3
TCGACAAGTCCGGTTC-1;0
TCGACAAGTGATGGCT-1;2
TCGATTAAGGACAACA-1;2
TCGCGAGGTTTAACCC-1;4
TCGCGCACATGAAGTA-1;2
TCGCTAACAAGTGTTT-1;4
TCGCTAACAATATACC-1;4
TCGCTAACAGTCTATG-1;0
TCGGTAAGTGGTTAGC-1;0
TCGGTTCTCCTTGCGT-1;0
TCGGTTCTCGGGCCAT-1;1
TCGGTTTGTGGTGAGA-1;0
TCGGTTTGTTAGAGCC-1;2
TCGTAATCATGGCCTG-1;2
TCGTCAACAGTAGGAT-1;4
TCGTGCTTCACTTTAC-1;1
TCGTGCTTCCGGGACT-1;0
TCGTGCTTCTCCTCAA-1;3
TCGTTAAAGCAAGATG-1;4
TCGTTAAAGCCTCTGT-1;0
TCGTTAAAGGAGGCAT-1;3
TCGTTACGTGTTGCAA-1;1
TCGTTACGTTACTTCA-1;5
TCGTTAGCAAGGTCGA-1;0
TCGTTATTCATGTGGT-1;0
TCTAACTTCAGGTTTA-1;4
TCTAAGGGTCTTACTA-1;0
TCTACCTCAATTTAGC-1;1
TCTACCTCACAACAGG-1;3
TCTACCTCACACTAAT-1;2
TCTACCTCATAATCCG-1;0
TCTAGCACATTATGAC-1;0
TCTAGCGAGGATCACT-1;1
TCTCAATTCGAAGCGG-1;0
TCTCCTCGTACTGATG-1;6
TCTCCTCGTGTTAGCA-1;1
TCTCGCCCAATAGTCT-1;5
TCTCGCCCATAACGGG-1;1
TCTCGCCCATACTCCT-1;0
TCTGGCTTCGCTCACT-1;5
TCTGGCTTCGGGACCT-1;1
TCTGTGACAGATAGAC-1;2
TCTTAGTTCACACAGT-1;1
TCTTAGTTCCTGAGTG-1;3
TCTTCAAGTTAGCAGC-1;1
TCTTGACGTTACTTCA-1;3
TCTTGACGTTAGGACC-1;1
TCTTGACGTTTAGCGA-1;0
TCTTGTCCACAAAGCG-1;1
TCTTGTCCACACCAAC-1;1
TCTTGTCCAGGATGGC-1;0
TCTTTGTAGCGAGCGA-1;3
TCTTTGTAGTCTTGAA-1;0
TCTTTGTAGTTAGAGG-1;4
TGAAACTGTAATCGGC-1;2
TGAAACTGTCACCTAT-1;1
TGAAACTGTCAGGCAT-1;0
TGAACAACAATGCCCG-1;3
TGAACAACAGGATAAC-1;4
TGAAGCAAGCTCATAA-1;5
TGAAGGATCAAACACC-1;2
TGACCAAGTTGCCTCA-1;2
TGACCTTGTCATGAGC-1;0
TGACCTTGTGGATGTC-1;1
TGACCTTGTGTTAGCA-1;3
TGACTCCTCCGCATGA-1;3
TGACTCCTCTTAGGAC-1;3
TGACTTAAGCGATAAG-1;2
TGACTTAAGCTGAGGG-1;0
TGACTTAAGGCGAATA-1;0
TGACTTAAGGCGCTTA-1;1
TGAGAACCATACCCGG-1;6
TGAGCAAAGGTAGCTT-1;3
TGAGGAGGTACTGATG-1;0
TGAGGAGGTGAGCAAG-1;2
TGAGGAGGTTACGCGG-1;6
TGAGGGAGTGGATGTC-1;0
TGAGGGCCACAATGCC-1;0
TGAGTGAAGACCATAC-1;3
TGAGTGAAGCAAACCT-1;0
TGAGTGAAGGACCTGC-1;0
TGAGTTTCAATTGAAG-1;3
TGAGTTTCACCAACCG-1;4
TGAGTTTCAGGAAGCC-1;0
TGAGTTTCAGGTATTT-1;3
TGAGTTTCATTGCGTA-1;0
TGATCAATCCCAGTAG-1;0
TGATCAATCCTGTTCA-1;0
TGATCAATCCTTAAGA-1;4
TGATCACAGCATGGTT-1;0
TGATCCTGTTTCGCCA-1;1
TGATCGAGTCCCGAAG-1;0
TGATCGAGTCCTAAGA-1;1
TGATCGAGTTTGGTTC-1;2
TGATGAACATGCAACC-1;1
TGATGAACATTTAAGC-1;1
TGATGACTCCCGCAAA-1;0
TGATGACTCTGGCTTC-1;0
TGATGACTCTGGTCCT-1;2
TGATGATGTGTGAGAG-1;2
TGATTAGTCGTTACTT-1;0
TGATTCAAGCGCCTTT-1;3
TGATTCAAGCTTATGA-1;5
TGATTGCAGAAGGTGC-1;0
TGATTGCAGGCAATAG-1;0
TGCAAGCGTTCCGCAC-1;0
TGCAATATCCCTCACG-1;1
TGCAATATCTGCAAGT-1;0
TGCACACCAGCAAGGC-1;4
TGCACACCAGCACGAA-1;0
TGCACCTTCACTTCAT-1;0
TGCACCTTCAGCCAAT-1;0
TGCACCTTCAGGGCCT-1;0
TGCACCTTCTAACCAA-1;0
TGCAGGCTCAGGTCCA-1;2
TGCAGGCTCCGGTTGA-1;1
TGCATGAGTAGGTGTC-1;1
TGCATTAAGCTGTAAC-1;1
TGCCATTGTACGCGCA-1;2
TGCCATTGTGCTGTAA-1;3
TGCCGGTAGGGACCTC-1;0
TGCCTGTTCTCACACC-1;0
TGCCTGTTCTCGCCTG-1;3
TGCGATTAGAGGAGGA-1;4
TGCGATTAGTCACCTC-1;0
TGCGCAGGTGGTGAGA-1;0
TGCGCGAGTCAGGAAG-1;2
TGCGGTTCAATGCGCT-1;2
TGCGGTTCAGTATGTT-1;1
TGCTATGCAGTAAGTA-1;0
TGCTATGCATTGTGCA-1;4
TGCTCACTCGCGACAC-1;2
TGCTCCGTCAATACGC-1;0
TGCTCCGTCCATCAGG-1;0
TGCTGGATCATAATCG-1;3
TGCTGGATCCCGTTGT-1;0
TGCTGGATCGAAGCGG-1;4
TGCTGGATCTGCAAAC-1;2
TGCTGGATCTTGGATA-1;1
TGCTTAAAGTCATTAG-1;1
TGCTTCATCATGTCAA-1;4
TGCTTCCAGTGTGATC-1;3
TGCTTGTGTAAAGCAA-1;1
TGCTTGTGTATTGTGG-1;0
TGCTTGTGTCAACAAT-1;5
TGCTTTAGTGCTAGCG-1;0
TGCTTTAGTGTGCAAC-1;6
TGCTTTAGTTTCGCCA-1;0
TGGAACAAGGATGATG-1;4
TGGAACAAGGCCATCA-1;0
TGGAACAAGGTGCTGC-1;1
TGGACCGGTGAGAAAC-1;1
TGGACCGGTTCCGCAC-1;1
TGGACCGGTTGAGCCG-1;0
TGGACGGAGCATGGTT-1;0
TGGACGGAGGATGATG-1;0
TGGACGGAGTTATCCT-1;0
TGGATTGGTCATTGTC-1;2
TGGATTGGTTAAGGCC-1;2
TGGCCATCAAACATAG-1;1
TGGCCATCACCTGGTG-1;6
TGGCCTTTCCGCCAAA-1;0
TGGCGGTTCATGCTAA-1;2
TGGCGGTTCGATCAGT-1;1
TGGCGGTTCGTGCTTC-1;5
TGGCTATAGGATTTGC-1;1
TGGGCCTAGCCGCTTT-1;3
TGGTCATAGTACCGCA-1;2
TGGTGATTCATTAGTG-1;0
TGGTGATTCGAGGAGT-1;0
TGGTGCATCATAACGC-1;4
TGGTGCATCTCAATAG-1;0
TGGTTAATCCACAATA-1;2
TGGTTCCTCGGTAACT-1;3
TGGTTCTGTGGAAGGC-1;2
TGGTTCTGTTGTAAAC-1;2
TGGTTGAGTATTTGGG-1;1
TGTAAAGCAAACTAAG-1;0
TGTAAGCTCCGCCAAA-1;0
TGTAAGTGTCATTACC-1;0
TGTAATGTCCTCATCA-1;4
TGTATCGCACTAAGTT-1;1
TGTATCGCAGCATTAT-1;1
TGTATCGCATCTTGAG-1;1
TGTCAATCAACTAGAA-1;1
TGTCAATCAGTAATAG-1;2
TGTCAGTAGGCCGGAA-1;2
TGTCAGTAGGCCTGGT-1;0
TGTCAGTAGTCTATGA-1;1
TGTCATAAGCTTATGA-1;2
TGTCATAAGGCTGTGC-1;0
TGTCCTGGTAATCGCA-1;2
TGTCCTGGTTAACAGT-1;0
TGTCCTTCAAAGGCCA-1;0
TGTCCTTCAACTAACT-1;0
TGTCCTTCATGAGTTT-1;1
TGTGAAACAGGCTGTT-1;2
TGTGATCAGGGATGCG-1;2
TGTGATCAGTTAGACC-1;3
TGTGCAAGTAATGACT-1;2
TGTGCAAGTGTTTGAG-1;0
TGTGCAAGTTGGGTTA-1;1
TGTGCACCAAGCGAGC-1;3
TGTGCGCAGATAACCC-1;0
TGTGCGCAGGCGCATC-1;0
TGTGCTGAGGCACAGG-1;2
TGTGGAGCAGTAGGAT-1;0
TGTGGAGCATCGCTCC-1;0
TGTGGCCAGAGCCGGA-1;5
TGTGGCGGTATACTGG-1;3
TGTGGCTCACAGGAAT-1;1
TGTGTGAGTAACCAGC-1;0
TGTTATGAGGGCCACT-1;5
TGTTATGAGTTCCCAC-1;4
TGTTCATTCAGGAACA-1;1
TGTTCCTCACTAAGCC-1;3
TGTTGCACAATCCTAG-1;4
TGTTGCACACAAAGCG-1;5
TGTTGGCCATACTCCT-1;2
TGTTGTAAGTCTCACC-1;1
TGTTGTTTCGTTAGTA-1;3
TGTTGTTTCTTGTTCG-1;1
TGTTTGTTCCATAATG-1;0
TTAACCAAGGAACGGT-1;0
TTAACCAAGGTGTTAC-1;0
TTAAGCCAGCACAGCC-1;5
TTAAGGACACCACAAC-1;0
TTAAGGACAGGAACCA-1;0
TTAAGGACATTGTCAG-1;0
TTAAGGTGTTACTTGC-1;0
TTAAGGTGTTTAGCTC-1;0
TTAAGTGTCGCTAAGT-1;3
TTAATCGAGTTGGGCC-1;2
TTACACCGTAACTACG-1;2
TTACGTTTCACCAATA-1;3
TTACGTTTCACTAAGC-1;0
TTACGTTTCCAATTAG-1;0
TTACGTTTCCCGCAAA-1;0
TTACGTTTCGAGCAAA-1;0
TTAGAAGCAAGCGAGC-1;0
TTAGCAGGTACCGAAC-1;4
TTAGCGGTCCTGCGAA-1;2
TTAGCTGCAATAGCAA-1;2
TTAGGAACATATTGAC-1;3
TTAGGCCCAGAAACGT-1;0
TTAGGCTAGCCAGGTC-1;3
TTAGGCTAGGCGAAAC-1;0
TTAGGCTAGTCACTCC-1;3
TTAGTCAAGCGAGGTG-1;0
TTATAGCCACAGGGAC-1;0
TTATCCTAGCTTACTT-1;0
TTATCCTAGGAACGGT-1;0
TTATCCTAGGGCTTAT-1;2
TTATGACCACCAGGTT-1;5
TTATGACCAGCATGTC-1;0
TTATGACCAGCTCATA-1;3
TTATGCGCACCGTTCC-1;0
TTATTGCTCTAACCAA-1;1
TTCACTGTCACCTGTC-1;1
TTCACTGTCTAAATCG-1;0
TTCCACGGTCGTTATC-1;4
TTCCCGCCAATTGACT-1;3
TTCCCGCCAGCTTACA-1;0
TTCCTTCTCCTGAATA-1;0
TTCCTTCTCCTTAGGG-1;3
TTCCTTCTCGCTCCAT-1;2
TTCCTTCTCTTAGTCT-1;1
TTCCTTGAGCACAGCC-1;0
TTCCTTGAGGACCTGC-1;0
TTCGCAACAATAATGG-1;0
TTCGGTACACATGCTA-1;1
TTCGTTAGTAGCTGGT-1;3
TTCGTTAGTGGAAACG-1;2
TTGACATCAATGCGCT-1;1
TTGACATCACACAATT-1;0
TTGACGTAGCACGTTG-1;0
TTGACGTAGTAAAGGT-1;3
TTGACGTAGTCGCTAG-1;0
TTGACTAAGGATCCGC-1;3
TTGACTAAGTGAGGTA-1;2
TTGAGCTAGCCTCTGT-1;2
TTGAGGCGTCATCCTG-1;5
TTGATGTCACTAAGAA-1;0
TTGCAACAGGATTGAG-1;0
TTGCAACAGTGATTCA-1;2
TTGCAATCAGAGAGCC-1;0
TTGCAGCCAGGTTAAA-1;3
TTGCGAGTCGCTAGTG-1;4
TTGCGAGTCGGTTTGG-1;4
TTGCGTCTCTAAGTGC-1;0
TTGCTCTCACACTAAT-1;2
TTGCTTAGTAGGTTGC-1;0
TTGCTTTAGCACAGGG-1;1
TTGGATATCCTCATCA-1;3
TTGGATCAGAAGCTAG-1;0
TTGGATCAGAGGAGGA-1;4
TTGGATTCAGGAAGCC-1;4
TTGGATTCATCAGTAT-1;0
TTGGCGGGTTAAGCTG-1;2
TTGGCGGGTTAGGACC-1;3
TTGGCTACAACTGGGA-1;0
TTGGCTGAGCCTGAGC-1;2
TTGGCTGAGGCCTAAT-1;0
TTGGCTGAGGGCTTAT-1;0
TTGGCTTGTGGAAACG-1;1
TTGGCTTGTTAGAGCC-1;3
TTGGGCCAGATTGAGG-1;2
TTGGGCCAGCCTGTTC-1;3
TTGGGCCAGGTGAAAT-1;0
TTGGGCGGTGAATCGC-1;2
TTGGGCGGTGTTAGCA-1;1
TTGGGTTAGGTTTGAC-1;2
TTGGTGAGTACCGGAT-1;2
TTGGTGAGTCTTACTA-1;0
TTGGTGAGTGCTCCAC-1;2
TTGGTGAGTGTGTGGT-1;0
TTGTAAGTCAATCTCT-1;1
TTGTCCATCCTTGCAC-1;0
TTGTCCCAGGACCTCA-1;0
TTGTCCCAGTAAAGGT-1;3
TTGTCCCAGTGAGGTA-1;1
TTGTGCCTCGTTATAG-1;3
TTGTGCGAGGTGTCCA-1;2
TTGTGCGAGTTGTCTT-1;0
TTGTTGCGTGTTGTGA-1;2
TTGTTGTTCATGCGTG-1;0
TTGTTGTTCCAGGAAA-1;0
TTGTTGTTCGATAACC-1;0
TTTAACCTCGAAGTGA-1;0
TTTAACGAGGACAATG-1;2
TTTAACGAGTAAACCC-1;1
TTTAACGAGTAGGATG-1;4
TTTAAGCCAAAGCGGC-1;3
TTTAAGCCAGGAATCG-1;0
TTTAAGCCATTGCGGT-1;0
TTTAAGGTCGAGGTGG-1;0
TTTAAGGTCGCTTCTA-1;0
TTTAAGGTCTATTGTC-1;0
TTTACGAAGACTTACA-1;0
TTTACGCGTTAACGAT-1;6
TTTCACCCAAGTGTTT-1;4
TTTCAGTTCATGCTCC-1;1
TTTCATCAGATAAAGC-1;5
TTTCATCAGCATGGTT-1;0
TTTCATCAGCTAGAAG-1;0
TTTCATCAGGCGCTAC-1;2
TTTCCTGAGATACTTG-1;0
TTTCGTCCAGGGAGGA-1;3
TTTCTCACACCAGCAT-1;2
TTTCTCACAGGCATGA-1;1
TTTCTCACATAATCAC-1;1
TTTCTCACATAGCAGG-1;1
TTTCTTGCAAGCGAGC-1;1
TTTCTTGCACTTGTTC-1;0
TTTCTTGCAGCAAGTG-1;2
TTTGACCGTTCACCAT-1;0
TTTGACTTCCAAACAC-1;0
TTTGAGTCAATTGAAG-1;0
TTTGCATTCACTTTAC-1;2
TTTGCATTCCTCAGTC-1;0
TTTGCATTCTTAAGTG-1;0
TTTGCGGAGGTCGATT-1;1
TTTGGCTGTAACCTAG-1;0
TTTGGTGCATTCAGCA-1;6
TTTGTCCCATTGCAGC-1;3
TTTGTCTAGTCGCTAG-1;4
TTTGTCTAGTTAGAGG-1;0
TTTGTGAAGCGAGGTG-1;1
TTTGTGAAGGGACGCA-1;0
TTTGTGGCATTTAAGC-1;0
TTTGTGTTCCCGCAAA-1;4
TTTGTGTTCGCCTAAG-1;2
