;pca_rna_0.6_clusters
AAACATGCACTTGTTC-1;3
AAACATGCATCCTAGA-1;0
AAACCAACATCGTTCT-1;2
AAACCGAAGCCGCTTT-1;0
AAACCGAAGCGAAGTA-1;1
AAACCGCGTAACCACA-1;1
AAACCGCGTGACATAT-1;1
AAACCGGCAGGTTTGC-1;4
AAACGCGCACCTATAG-1;3
AAACGGATCAATTACG-1;2
AAAGCAAGTAGTTGGC-1;0
AAAGCACCAGGGAGGA-1;1
AAAGCACCATTCCTCG-1;0
AAAGCCCGTCTTGCAT-1;2
AAAGCCCGTGACCTGG-1;1
AAAGCCCGTTGTTGTC-1;2
AAAGCCGCAACCTGGT-1;4
AAAGGACGTGCTGTAA-1;2
AAAGGAGCAATCATGT-1;3
AAAGGCTCACTAGCGT-1;1
AAAGGCTCAGTGAACG-1;0
AAATCCGGTAATAGCT-1;5
AAATCCGGTCTTGCTG-1;1
AAATCCGGTTAGGTTG-1;0
AAATGGCCAATTAAGG-1;2
AAATGGCCACAACAGG-1;2
AAATGGCCACCCACAG-1;1
AACAAGCCAATTATGC-1;0
AACAAGCCACCTACGG-1;3
AACAGATAGGCAACAA-1;1
AACAGCAAGCCACATG-1;2
AACAGGATCATGTCAA-1;3
AACAGGATCCGCACAA-1;1
AACAGGATCTGTGAGT-1;1
AACATAGCAACAGCCT-1;1
AACATCATCGGGACTC-1;5
AACATTGTCCATCAGG-1;0
AACATTGTCCCTCAAC-1;3
AACCCGCAGAGGAAGG-1;1
AACCCGCAGGGACCTC-1;1
AACCCGCAGTCATCCC-1;2
AACCTCACAGCTTACA-1;0
AACCTCACAGGCTAAG-1;0
AACCTCCTCTCACTAT-1;2
AACGACAAGCTGAGGG-1;0
AACGACAAGTGAACAG-1;1
AACGCCCAGGCAAGTA-1;1
AACGCCCAGGCTGTCA-1;0
AACGCTAGTACCGTAA-1;4
AACGCTAGTTAACACG-1;1
AACGGTAAGGTGAAAT-1;2
AACTACTCATTGCAGC-1;1
AACTAGTGTAGCAGCT-1;2
AACTAGTGTTTGTCTA-1;2
AACTTAGTCGCTAGAT-1;0
AAGAACAGTGGAAGGC-1;1
AAGAACAGTGTAACCA-1;1
AAGAACAGTGTTAAAC-1;1
AAGAATCAGCGAAGTA-1;0
AAGAATCAGGAGGTTA-1;0
AAGACAAGTGATGATT-1;1
AAGACAAGTTTCCACG-1;3
AAGACATAGGCGAATA-1;2
AAGACCAAGAGCCGCT-1;2
AAGCATGAGCTGTAAC-1;2
AAGCATGAGGACCAGG-1;1
AAGCCACGTGATTACG-1;1
AAGCCTGTCGTTTCGC-1;5
AAGCCTGTCTAAGGAG-1;3
AAGCCTGTCTGTAATG-1;5
AAGCGAGGTAAGGTTT-1;3
AAGCGAGGTATTCGTC-1;1
AAGCGTTTCAACAAGG-1;1
AAGCGTTTCAGCACGC-1;1
AAGCGTTTCTAACCTT-1;1
AAGCGTTTCTTAGTGA-1;1
AAGCGTTTCTTGAGGT-1;2
AAGCTAGAGTTGCCTC-1;3
AAGCTATGTTCCATTA-1;2
AAGGAAGCACTGACCG-1;4
AAGGAAGCAGGGAGCT-1;2
AAGGATCCAGCTTAAT-1;4
AAGGATGTCTTGAGGT-1;2
AAGGATTAGCGGATAA-1;2
AAGGTATAGAAAGCAT-1;3
AAGGTATAGTTAGGCT-1;1
AAGTGTTGTTAGGTTG-1;1
AAGTTACGTTAACGAT-1;0
AAGTTAGCAGGTCCTG-1;2
AAGTTTGTCACCTGCT-1;0
AATAACCGTGTTGTAG-1;3
AATACCGGTAACGGGA-1;2
AATACCGGTAGTTAAC-1;0
AATACCGGTCAATGTG-1;1
AATACCGGTCTCACTG-1;3
AATACCGGTTAGACCA-1;0
AATCAGGAGCATGTCG-1;0
AATCCATCAATAGCAA-1;1
AATCCATCAATGCCCG-1;0
AATCCGTAGCTTAACA-1;4
AATCCTAAGCATGGTT-1;0
AATCGCCCAGTTATGT-1;4
AATCTCAAGCACAGCC-1;1
AATCTTGAGGAGCAAC-1;4
AATGAAGGTATGGTGC-1;0
AATGAAGGTTAGCAGC-1;5
AATGCAACAATTGCGC-1;1
AATGCAACACTTAGGC-1;3
AATGCAACATTCCTGT-1;0
AATGCATGTAGGTGTC-1;2
AATGCATGTTATAGCG-1;4
AATGCGCGTAAAGCAA-1;2
AATGCGCGTGTCCTGC-1;1
AATTACCCATGAGTTT-1;3
AATTAGCGTGAAACAA-1;2
AATTCGTCAAGGCCAA-1;1
AATTGACGTGGTTCCC-1;0
AATTGCCAGACTTATG-1;1
AATTGCCAGTAGGCGG-1;1
AATTGGACAAGGAATC-1;0
AATTGGACATCCTGAA-1;2
AATTGGGAGAGAGGAG-1;3
AATTGGGAGAGGATAT-1;2
AATTGTGTCGTTACAA-1;0
AATTTCCTCTAACCAA-1;1
AATTTCCTCTTGCAGG-1;0
AATTTGCCAGAAACGT-1;1
ACAACAACATAAGTCT-1;0
ACAACACTCCTCACTA-1;5
ACAACAGAGCGGGCAA-1;1
ACAACAGAGCTATTGA-1;2
ACAACATGTAGCTAGC-1;2
ACACAATGTTTAGCTC-1;1
ACACCTTGTCACGAAC-1;1
ACACCTTGTGCAATGC-1;1
ACACCTTGTGGAAACG-1;3
ACACCTTGTTGGTTCT-1;2
ACACTTAAGAAACTGG-1;1
ACACTTAAGCGAGGTG-1;0
ACACTTGCAATCCTGA-1;4
ACAGCCGGTCAAACTG-1;1
ACAGCCGGTCACCTAT-1;1
ACAGCGCTCCAGGAAA-1;4
ACAGCGCTCCCGCAAA-1;2
ACAGGAATCATAACTG-1;0
ACAGGAATCCTTAATC-1;1
ACAGGATCAAAGCTCC-1;1
ACAGGATCACCTACGG-1;0
ACAGGTAAGCACTAAC-1;0
ACAGGTAAGCCAGTAT-1;1
ACAGTATGTCACCTAT-1;3
ACAGTATGTTCGCTTG-1;1
ACAGTATGTTTGGGTA-1;0
ACATAGCTCGCATTAA-1;1
ACATCAATCAAAGGCA-1;3
ACATCATCAATAACGA-1;3
ACATTGCAGCATGTCG-1;2
ACCAAACTCATTATGG-1;2
ACCAAGTTCATAGACC-1;0
ACCAAGTTCGAAGCGG-1;5
ACCAATATCATGCCTC-1;3
ACCACATAGAGAGCCG-1;0
ACCACATAGGCTTAGT-1;2
ACCACATAGGTGCTGC-1;0
ACCAGGACAACAGCCT-1;2
ACCAGGACAGCCTTGG-1;4
ACCAGGACAGCTAACC-1;1
ACCAGGCTCAAAGGCA-1;2
ACCAGGGAGCACAGGG-1;2
ACCAGGGAGGGTGGAT-1;2
ACCATAATCTCACACC-1;3
ACCATTAAGTGGCGGA-1;2
ACCATTAAGTTAGCTA-1;2
ACCCGGTAGCGAGTAA-1;4
ACCCGTAAGAACCTAC-1;1
ACCCGTAAGTGAAGTG-1;1
ACCCTCCCACGAACAG-1;0
ACCCTCCCATCTAGCA-1;1
ACCCTGTTCTGTAAGC-1;1
ACCGAAGCATGCTTAG-1;2
ACCTAAGGTACCAGGT-1;2
ACCTAAGGTTAGCCAA-1;2
ACCTAAGGTTGCAGTA-1;1
ACCTACCTCCTGAATA-1;1
ACCTCACTCGTTACTT-1;0
ACCTGGATCCGGCTAA-1;3
ACCTTCCAGGTGTTAC-1;0
ACCTTGCTCGCAACAT-1;1
ACCTTGTGTTAGGCGT-1;1
ACGAACAAGGTCCACA-1;2
ACGAAGTCAAGTTATC-1;1
ACGAAGTCAATCTCTC-1;1
ACGAATCTCAAGGACA-1;4
ACGAATCTCACTAAGC-1;4
ACGAATCTCTTAGTCT-1;4
ACGACTTAGACTTACA-1;2
ACGACTTAGATTCCTT-1;0
ACGACTTAGATTGAGG-1;3
ACGCAAGCAAACATAG-1;1
ACGCACGGTAGCCATA-1;0
ACGCACGGTCAAGTGC-1;0
ACGCCACAGACTATTG-1;1
ACGCCACAGCAGGTTT-1;2
ACGCCACAGCATGAAG-1;1
ACGCCTAAGGAAGCAC-1;1
ACGCCTAAGTCGCTAG-1;1
ACGCCTAAGTTAGCTA-1;4
ACGCCTTTCCCTGTTA-1;5
ACGCCTTTCTTAATGG-1;1
ACGGGAAGTTAAGCGC-1;2
ACGGTTAGTATTGTGG-1;2
ACGGTTTAGCGAGCGA-1;1
ACGGTTTAGCTTTGTT-1;1
ACGTACCCAATTAACC-1;2
ACGTCAAGTCACAGAC-1;2
ACGTCCAAGCACAGGG-1;1
ACGTCCAAGTAGGATG-1;4
ACGTTACAGCTAAAGG-1;2
ACGTTGTAGGAGCAAC-1;4
ACGTTGTAGTAACTCA-1;0
ACGTTGTAGTCCTTCA-1;0
ACTAAAGCAGATTCAT-1;1
ACTAAAGCATGTCAAT-1;2
ACTAACCAGTGAGGTA-1;2
ACTAACCAGTTGTCAA-1;1
ACTAACTCAAAGCGCA-1;0
ACTAGGCGTCCGTGAG-1;1
ACTCACCTCTTGCAGG-1;1
ACTCACTGTGTTTCAC-1;0
ACTCAGTAGAACCTGT-1;3
ACTCAGTAGTTATGTG-1;2
ACTCCTCAGGTGAGAC-1;2
ACTCGCGCAAACTGCC-1;4
ACTCGCGCAGTTTACG-1;1
ACTCGCTTCATTTGTC-1;0
ACTGAAACAGTAAAGC-1;0
ACTGAAACATTGTTGG-1;0
ACTGAATGTGAGACTC-1;2
ACTGAATGTTAAGGCC-1;0
ACTTAGGGTCGCAATA-1;1
ACTTAGGGTTCGCTTG-1;2
ACTTAGTCACGTAAGG-1;0
ACTTATCTCAGGAAGC-1;2
ACTTATCTCCCGCAAA-1;3
ACTTATCTCGCAATCG-1;1
ACTTATGAGTGGACAA-1;2
ACTTCGCTCAAAGGCA-1;1
ACTTCGCTCCTTAGTT-1;2
ACTTCGCTCTCCATGC-1;0
ACTTGAATCCGCTAGA-1;2
ACTTGAATCGGTTTGG-1;0
ACTTGAATCGTTAGCG-1;2
ACTTGTAAGGGCTTTG-1;0
ACTTGTCGTCACAAAT-1;2
ACTTGTCGTCATGCCC-1;1
ACTTGTCGTGCTAGCG-1;0
ACTTGTCGTGGAGCAA-1;1
ACTTTGTTCAAGCTTA-1;0
ACTTTGTTCCCTCATA-1;1
AGAAACTAGGTGCTGC-1;5
AGAAACTAGTTAACCA-1;2
AGAAAGGCAGGCTGTT-1;1
AGAACAAGTGGGAACA-1;1
AGAACCGCAACTAGCC-1;3
AGAATCTGTTAAGCGC-1;3
AGACACGCATAGACCC-1;0
AGACCCGGTAATGGCC-1;2
AGAGAAGCAGATAGAC-1;1
AGAGAAGCAGTAAGTA-1;5
AGAGATTAGATACTTG-1;1
AGAGATTAGGAGCATA-1;2
AGATGAAGTAGTTGGC-1;0
AGATGAAGTTAGTACG-1;0
AGCAAATAGGGCCATC-1;1
AGCAAATAGGTGTTAC-1;0
AGCAAATAGGTTTGCG-1;4
AGCAAGGGTTCGGTAA-1;0
AGCAATACAGCAGGTA-1;1
AGCAATACAGCTTAAT-1;0
AGCAATACATAAGTTC-1;2
AGCAATTGTCACAAAT-1;3
AGCAATTGTCGCAATA-1;1
AGCACTTAGCATGTCG-1;1
AGCACTTAGTGGCGGA-1;1
AGCAGGTAGGAGTCGG-1;1
AGCAGGTAGGCGCATC-1;1
AGCCGCTAGCCTGGTA-1;1
AGCCGCTAGCGCATTG-1;0
AGCCGGTTCTGCAAGT-1;5
AGCCTAGTCCACCTTA-1;0
AGCCTGGGTTAAGGCC-1;1
AGCGCCTAGTTGTCCC-1;1
AGCGCTCAGAACAAGT-1;3
AGCGGATAGACAGGTA-1;0
AGCGGATAGCACGTTG-1;2
AGCGGATAGTTCCTCA-1;2
AGCTAAACAATCATGT-1;4
AGCTAAACAATGCCCG-1;1
AGCTAAACATATAACC-1;1
AGCTAACTCGAAGTAG-1;3
AGCTACGTCAGGATGA-1;4
AGCTATATCCTAGTTT-1;1
AGCTATATCTTAGCGG-1;4
AGCTGCTCACAGACTC-1;1
AGCTGCTCAGTCTATG-1;5
AGCTTTAAGGGACTAA-1;1
AGGAAACGTCTAACAG-1;3
AGGAACCAGATACTTG-1;0
AGGACTAAGTACCGCA-1;2
AGGAGCTAGATGGACA-1;1
AGGATATAGCGAGTAA-1;1
AGGATCCGTGCACGCA-1;2
AGGATCCGTGGAGCAA-1;1
AGGATCCGTTGCAATG-1;5
AGGATGCAGCTATTGA-1;1
AGGATTGAGCCGCAGT-1;2
AGGATTGAGGCTAATC-1;3
AGGATTGAGTCTGGGC-1;2
AGGATTGAGTTACTTC-1;0
AGGCAATCAAGTGTCC-1;1
AGGCAATCACTAAGCC-1;1
AGGCAATCAGAATGAC-1;0
AGGCAATCAGCAAATA-1;4
AGGCAATCAGTTATCG-1;1
AGGCAGGTCCATTACT-1;1
AGGCAGGTCTCCTCTT-1;2
AGGCCCAGTCAAAGAA-1;2
AGGCGGATCACAAGCT-1;0
AGGCGGATCGCTAGAT-1;4
AGGCGGATCGTCCTTA-1;2
AGGCGGATCTACCTGC-1;0
AGGCTAAAGCATGTTA-1;2
AGGCTAGCACCCACAG-1;2
AGGGCCTTCGCATTAA-1;1
AGGGCCTTCTTAAGTG-1;4
AGGGTTGCACCGTTCC-1;1
AGGTAACCAGCACCAT-1;1
AGGTCAAAGTCGCAAT-1;1
AGGTCCGGTTACGCGG-1;1
AGGTCTTAGCTGTCAG-1;1
AGGTGAATCAATAGCC-1;1
AGGTGAGGTCCTCCAA-1;2
AGGTTAGAGATGGAGC-1;3
AGGTTAGAGGCAAGTA-1;0
AGGTTTATCAGGGCCT-1;1
AGGTTTATCTTTGTAC-1;1
AGGTTTGGTCAGTAAT-1;5
AGTAACGAGTTTGAGC-1;0
AGTAAGTAGCCTGGTA-1;0
AGTAATCGTTAGTGAT-1;1
AGTAGCTTCGCGCTAA-1;1
AGTAGGATCAGAAACG-1;1
AGTAGGATCCCTGTTA-1;1
AGTATAGCAAGGTCGA-1;5
AGTATAGCAGCACCAT-1;1
AGTCAAGAGAATCTCA-1;1
AGTCAAGAGACAGGCG-1;0
AGTCAAGAGGAAGCTA-1;0
AGTCAGGCAACCTGGT-1;0
AGTCAGGCATAGTCAT-1;1
AGTCCTGAGCCTCTCG-1;2
AGTCCTGAGGCATGAA-1;0
AGTCCTGAGGTATTGC-1;0
AGTCCTTGTGCCTCAC-1;0
AGTCGCATCGATTTGA-1;1
AGTCGCATCTCATCAT-1;0
AGTCTTGCACAAGCCT-1;3
AGTGAACCAAATTGCT-1;4
AGTGAACCACTAGCGT-1;1
AGTGAGTCAAAGCGGC-1;5
AGTGAGTCAACCCTCC-1;0
AGTGAGTCAGCAACAG-1;0
AGTGAGTCAGCATGTC-1;5
AGTGATGAGGCTAAGA-1;0
AGTGATGAGTAAGTCC-1;0
AGTGCACGTGTTGCTT-1;2
AGTGCCGGTGATTTGG-1;1
AGTGCCGGTTAAGCGC-1;0
AGTGGACAGTTTGGGT-1;1
AGTGTGGCATGATTGT-1;2
AGTGTTTCAGGTTATT-1;2
AGTGTTTCATGCTCCC-1;1
AGTTACATCAAACTCA-1;1
AGTTACATCATTGCAA-1;3
AGTTACTCAGGACACA-1;1
AGTTATGTCGCCTGTT-1;4
AGTTATGTCTAAGTGC-1;0
AGTTATGTCTGTGCAG-1;2
AGTTGCGTCGATCAGT-1;0
AGTTGGCGTTAAGGTT-1;0
AGTTGTCAGCTAAGTC-1;0
AGTTTGATCATTACTC-1;0
ATAACGACAGCAAGTG-1;0
ATAAGTCGTCATAACG-1;1
ATACCTGCAGGAAGCC-1;1
ATAGCATGTACGCGCA-1;2
ATAGCATGTCAGGCAT-1;1
ATATAGGCAAACTCAT-1;0
ATATAGGCACTGGCCA-1;4
ATATAGGCATTATGAC-1;3
ATATGCATCTGCAACG-1;0
ATATGCTCACAAACTT-1;3
ATATGGTGTCATTGTC-1;4
ATATGGTGTGACATGC-1;2
ATATGTCCACAAACTT-1;2
ATATGTCCACGAATTT-1;3
ATCAAGCTCAATTACG-1;3
ATCAATCCATTGTGCA-1;1
ATCACACAGAGGAGGA-1;0
ATCACCCTCATAACGC-1;1
ATCACCCTCCCGAACA-1;1
ATCAGGTTCCCGTTAC-1;1
ATCAGGTTCGACAAAG-1;0
ATCAGGTTCGTTATCT-1;1
ATCATCAAGGAGTCTT-1;4
ATCATCAAGGGACCTC-1;1
ATCATCAAGTAGGCGG-1;0
ATCATCAAGTTGCCTC-1;0
ATCATGTCAATGCGCT-1;0
ATCATGTCAGATAGAC-1;0
ATCATGTCATGAATAG-1;2
ATCCAACAGTCAATCA-1;5
ATCCAACAGTTGCCTC-1;0
ATCCACCTCCTACCTA-1;0
ATCCATAAGGCATTAC-1;0
ATCCATAAGTGTTGTA-1;2
ATCCCGCGTAACCAGC-1;2
ATCCCGCGTGACATGC-1;3
ATCCCGCGTTAAGTGT-1;4
ATCCTCATCCGCATGA-1;2
ATCCTCATCTAATTGG-1;2
ATCCTGACAGCATGGA-1;0
ATCGAGGCAATAACCT-1;2
ATCGAGGCATCAGTAT-1;0
ATCGCCCGTCCTAACT-1;0
ATCGGCCAGACTAAGG-1;1
ATCGGCCAGCACAGCC-1;2
ATCGGCCAGCCATCAG-1;2
ATCTATGAGGCCTAAT-1;0
ATCTATGAGTCAATCA-1;1
ATGAAGCCATGGAGGC-1;0
ATGAATGCACGAATTT-1;1
ATGACAACACGCAACT-1;1
ATGACAACAGCCTAAC-1;4
ATGACAACATACCCGG-1;5
ATGACGAAGGTGTCCA-1;2
ATGACTCAGTACCGCA-1;0
ATGATGACAGGTTAAA-1;0
ATGATGACAGGTTTGC-1;2
ATGCAAACATCACAGC-1;2
ATGCAGGCATGGCCTG-1;2
ATGCATTCATGACTAT-1;1
ATGCTTAAGATGCCTG-1;4
ATGCTTAAGCCTAACG-1;0
ATGCTTAAGGCGCTTA-1;2
ATGCTTAAGTGAACGA-1;0
ATGGCCCAGGCTCATG-1;0
ATGGCTAGTTAGGCTA-1;0
ATGGCTGTCACAGACT-1;1
ATGGCTTAGCCTGGTA-1;0
ATGGCTTAGGCTACTG-1;1
ATGGTCTAGTTGCGTG-1;3
ATGGTTATCCCTGATC-1;1
ATGGTTATCGGTTCCT-1;1
ATGTCAATCTGTAATG-1;2
ATGTCCACAGTACCGT-1;1
ATGTCCACATGATTGT-1;0
ATGTCCACATTGCGGT-1;2
ATGTGAGAGCACAGAA-1;2
ATGTGAGAGCTATGAC-1;1
ATGTGAGAGGAGTAAT-1;4
ATGTGAGAGGATAAAC-1;1
ATGTTCAAGGGACGCA-1;2
ATTACCGCAGGCTTCG-1;1
ATTACCGCAGGGAGCT-1;5
ATTACCGCAGGTCCTG-1;0
ATTACCGCAGGTTATT-1;0
ATTACCGCATGTCGCG-1;5
ATTACGTCACAAACTT-1;0
ATTACGTCATCGCTTT-1;1
ATTAGCGGTTCGCTCA-1;0
ATTAGTCCACGCAACT-1;0
ATTAGTCCACTGACTA-1;4
ATTAGTCCATGACTAT-1;5
ATTATCCTCATTTGCT-1;1
ATTATGGTCTGTGCAG-1;0
ATTCAACCACAGGAAT-1;0
ATTCAACCATTAAACC-1;1
ATTCACTTCCAGCACA-1;2
ATTCACTTCCTAAGAC-1;1
ATTCACTTCCTAAGGT-1;2
ATTCATGAGCCTAACG-1;2
ATTCATGAGTTAGTTG-1;0
ATTCCGGAGACACCGC-1;2
ATTCCGGAGAGGAGTC-1;2
ATTCCTAGTTAAGTGT-1;2
ATTCCTAGTTATCCGT-1;0
ATTGCACAGACAAAGT-1;0
ATTGCACAGCATGTCG-1;1
ATTGCGCCACATAACT-1;4
ATTGCTCGTCCTAATC-1;3
ATTGGTTCAATAGCAA-1;1
ATTGGTTCAATGCGCT-1;4
ATTGGTTCACTAAGCC-1;0
ATTGGTTCATTGTCAG-1;1
ATTGTCCGTAACGGGA-1;0
ATTGTCCGTCCTAGTT-1;2
ATTGTCCGTTTGAGCA-1;0
ATTTAGCCAATGAGGT-1;5
ATTTAGCCAGAGGCTA-1;0
ATTTAGGTCCTCATCA-1;2
ATTTGCAAGTCACTCC-1;2
ATTTGCGCAATTGCGC-1;1
ATTTGCGCATTGCGGT-1;0
ATTTGTGAGACACCGC-1;0
ATTTGTGAGCCAGTAT-1;2
ATTTGTGAGGGATTAG-1;0
ATTTGTGAGGTGCGGA-1;1
CAAACAACATCATGTG-1;0
CAAACATGTCGCAATA-1;1
CAAACCGTCAGGTTTA-1;1
CAAACGCGTTAAGGCC-1;4
CAAACGCGTTGCATCT-1;3
CAAACTGGTCAATACG-1;0
CAAACTGGTGGAAACG-1;3
CAAAGGATCGATTCTT-1;1
CAAAGTGAGAGCCGGA-1;0
CAACAGGCAAGTGTCC-1;1
CAACAGGCACAGGAAT-1;2
CAACAGGCATGAATAG-1;2
CAACCCGCAATAAGCA-1;1
CAACCCGCACCGGCTA-1;2
CAACCCTTCCCATAGG-1;2
CAACCGGGTTTCCACG-1;0
CAACCGGGTTTCGCGC-1;1
CAACTAATCAAGCGCC-1;1
CAACTAATCACAGACT-1;0
CAACTAATCACCATTT-1;1
CAACTAATCGATCAGT-1;0
CAACTAGGTCCACAAA-1;2
CAAGAACCAGTCTAGC-1;1
CAAGCTAGTGCTGGTG-1;2
CAAGGCCTCTGTGAGT-1;0
CAAGGCCTCTTTAAGG-1;1
CAAGGCTGTGCTAGAC-1;0
CAAGGCTGTTACGCAA-1;1
CAAGGGAGTCACCAAA-1;1
CAAGGGAGTCTAACAG-1;1
CAAGGTAAGGAACGCG-1;3
CAAGGTAAGTGAGCAA-1;0
CAAGGTAAGTTATGTG-1;4
CAAGTAACAAGGACCA-1;0
CAAGTATGTTGAGGTC-1;2
CAAGTATGTTTATGGG-1;1
CAAGTGAAGGAACGCG-1;1
CAAGTGAAGTCGCTAG-1;0
CAAGTTATCATGTTTC-1;2
CAAGTTATCTGTGAGT-1;1
CAATAGCTCATGGCCA-1;4
CAATAGCTCCTCGATC-1;0
CAATAGCTCCTTGAGG-1;0
CAATAGCTCCTTGTTG-1;1
CAATAGCTCGCGCTAA-1;0
CAATATGTCCCTCATA-1;0
CAATATGTCTAAGGTC-1;3
CAATCCCTCTAACCTT-1;3
CAATCCCTCTCAATAG-1;0
CAATCCCTCTTGTCCA-1;1
CAATCCTGTGTTGTGA-1;3
CAATCTAAGACACCGC-1;4
CAATGAACATTAAGCT-1;0
CAATGACTCTAAGGTC-1;1
CAATGCCCACTCAACA-1;4
CAATGCCCAGGCTTCG-1;4
CAATGCCCATAGGCGA-1;0
CAATGTCAGGTCATTA-1;2
CAATGTGGTAACGTGC-1;1
CAATGTGGTCCGTGAG-1;1
CAATGTGGTTGAATCG-1;2
CACAATATCAATAGCC-1;2
CACAATATCCTCCATA-1;1
CACAGGCTCATAGCCG-1;3
CACATAATCACATTGA-1;1
CACATTAAGCCTGGTA-1;1
CACATTAAGCTAAAGG-1;2
CACCAACCACAAAGAC-1;0
CACCAACCACCTCAGG-1;0
CACCAACCAGGCTTGT-1;0
CACCGGTAGAGGAAGG-1;2
CACCGGTAGGACTTAC-1;3
CACCTGTTCACTAAGC-1;2
CACCTGTTCATTACAG-1;5
CACGCAATCGATCAGT-1;3
CACGCAATCTTAGCGG-1;1
CACTAAGGTTATTGCC-1;2
CACTGACCAATTTAGC-1;4
CACTGACCAGGTATTT-1;0
CACTTAAAGCTTACTT-1;0
CACTTAAAGGTGAAAT-1;0
CACTTTGTCGATCAGT-1;2
CACTTTGTCTACCTCA-1;0
CAGAACCGTACAATGT-1;1
CAGAACCGTTATCCTA-1;4
CAGAATCTCGCTTCTA-1;1
CAGATTCAGCGCCTAA-1;1
CAGATTCAGTCAATCA-1;0
CAGCAAGCACAGGGAC-1;3
CAGCAAGCACGTGCTG-1;1
CAGCCAATCAGGTCCA-1;2
CAGCCTAAGGGCTTAT-1;2
CAGCTAAGTTTCCACG-1;0
CAGCTCAAGGAAGCTA-1;0
CAGGAAGGTTTCAGGA-1;3
CAGGACACAACTAGGG-1;1
CAGGACCTCTCAATAG-1;1
CAGGATGCATGTTTGG-1;0
CAGGCTATCATAACGC-1;1
CAGGGCTTCTAATCTC-1;4
CAGGGTGAGCCTAACG-1;1
CAGGGTGAGGTACCGC-1;1
CAGGTCCAGACAACGA-1;1
CAGGTCCAGCCTAATA-1;4
CAGGTCCAGTCAGGCC-1;1
CAGGTCCAGTGAACAG-1;1
CAGGTTAGTGTTGTGA-1;0
CAGGTTAGTTGGTTCT-1;1
CAGGTTTAGGACAATG-1;3
CAGTACCCACCTAATG-1;0
CAGTACCCAGGCTAAG-1;0
CAGTACCCAGGTTATT-1;0
CATAAGCTCACGTTAA-1;4
CATAAGCTCACTCGCT-1;1
CATAATGTCAAAGGCA-1;0
CATAGACTCCTTGTTG-1;1
CATAGCTAGGAAGTAT-1;1
CATAGGCGTCAAGTAT-1;1
CATAGGCGTGTTAGCA-1;1
CATAGGTTCTGGCTTC-1;0
CATAGTCAGAAGGTGC-1;5
CATAGTCAGCCAGTAT-1;1
CATAGTCAGTAGGATG-1;0
CATATCGCAGTTAAAG-1;2
CATCAATCATTAGGTT-1;1
CATCACACAGGCCAAA-1;2
CATCACACAGTAAGTA-1;0
CATCAGCCATGACTAT-1;3
CATCCCAGTTAGAGGG-1;4
CATCCTTCAGGCTTCG-1;4
CATCGCTTCATTATGG-1;0
CATCGCTTCTTGTCCA-1;0
CATGAGGCAAGCTAAA-1;2
CATGCGCAGCGATAAG-1;0
CATGCGGGTCACAAAT-1;2
CATGGATTCATGACCG-1;0
CATGGATTCCTCATCA-1;0
CATGGATTCTACTAAG-1;3
CATGGATTCTGTGCAG-1;1
CATTATCTCCTAGTAA-1;2
CATTATCTCTGTGAGT-1;0
CATTATCTCTGTGCCT-1;0
CATTATGAGGCATTGT-1;1
CATTCATTCATAAGCC-1;1
CATTCCTCAGCCAGAA-1;1
CATTGTGCATGTTTGG-1;4
CATTTGTTCAGGGCCT-1;4
CATTTGTTCGATTCTT-1;0
CCAAACCCACAGAACG-1;3
CCAAACCCATCCCTCA-1;0
CCAAACTAGGTGAAAT-1;1
CCAAATCAGACTTATG-1;0
CCAAATCAGATGGAGC-1;0
CCAAATCAGTTAACCA-1;0
CCAACATAGGGTGAAC-1;1
CCAACCAAGATGCCTG-1;4
CCAACCAAGGATTGAG-1;0
CCAACCCGTGCAACTA-1;0
CCAACCCGTTAATGCG-1;2
CCAATATCACGGTACT-1;2
CCAATATCATAGACTT-1;3
CCACAATAGTTAACCA-1;1
CCACTTGGTAGCTGGT-1;0
CCACTTGGTCATGCAA-1;1
CCAGACTCATGCTTAG-1;2
CCAGCCTGTCACAGAC-1;4
CCAGCTAAGGTACCGC-1;2
CCAGGATGTAGGTTAT-1;3
CCAGGATGTGCACGCA-1;2
CCAGTTTGTCCAAGAC-1;0
CCAGTTTGTTCCTGAT-1;0
CCATAAGGTGCTGTAA-1;5
CCATAAGGTGTGCAAC-1;1
CCATAGCCATAGCTTG-1;2
CCATATTTCTTGGATA-1;0
CCATCACTCATTACGA-1;0
CCATCACTCCGTAAAC-1;3
CCATCACTCGCATTAA-1;0
CCATCATGTCCACAAA-1;0
CCATTATTCCCTCAAC-1;1
CCATTGTGTAGGTGTC-1;5
CCATTGTGTAGTTAAC-1;3
CCATTGTGTGCTTAGA-1;0
CCCAAATAGTAAGAAC-1;4
CCCAAATAGTGGCGGA-1;0
CCCAACCGTTGGTTAG-1;0
CCCAATTGTAGCTGGT-1;0
CCCAATTGTGAGCACT-1;5
CCCAATTGTTACCGGG-1;1
CCCAGCACACCGTTCC-1;1
CCCATAACAGAAATTG-1;1
CCCGCAACAACTAGAA-1;1
CCCGTAAAGCCTAACG-1;1
CCCGTTGTCCCTCTAA-1;1
CCCGTTGTCCGCACAA-1;0
CCCGTTGTCTTGTCCA-1;1
CCCTAATGTAGGTTAT-1;0
CCCTGGACAGGAAGCC-1;0
CCCTGGACATTGTCAG-1;1
CCCTGTTAGACTTACA-1;0
CCCTGTTAGCTCCCTG-1;2
CCCTTAATCCCTGATC-1;0
CCCTTAATCGGTTTCC-1;4
CCGATGCAGTAAGAAC-1;0
CCGATGCAGTGAAGTG-1;1
CCGCAAATCTTCAATC-1;2
CCGCAAGGTTTAGCGA-1;0
CCGCACACAATCCTGA-1;3
CCGCACACAATTTGGT-1;2
CCGCCAACATTATGAC-1;2
CCGCTAAAGTCGCAAT-1;0
CCGCTTAGTTGTTGTC-1;5
CCGGTAGGTAGTTAAC-1;1
CCGGTTAAGTAACGAG-1;0
CCGTTAACACCCACAG-1;1
CCGTTACTCCGCAAAT-1;5
CCGTTATGTATTCGTC-1;1
CCGTTATGTTACCGGG-1;0
CCGTTATGTTATCCTA-1;1
CCGTTTGGTAACGAGG-1;3
CCGTTTGGTATTACCC-1;2
CCTAAAGGTATTGGTG-1;4
CCTAAATCAAACGCGA-1;1
CCTAAGTAGCTTGCTC-1;2
CCTAATAAGGAAACTG-1;0
CCTAATAAGGAGCATA-1;0
CCTAATAAGGGCTTAT-1;3
CCTAATAAGGTTTACA-1;1
CCTAATAAGTATTGTG-1;0
CCTAATCGTTACTTGC-1;4
CCTACTGGTCCGCTGT-1;2
CCTACTGGTTAGCATG-1;3
CCTAGTTGTTAAGCCA-1;4
CCTAGTTGTTCCGGGA-1;1
CCTATAGCATCAGTAT-1;2
CCTATATTCGCTTCTA-1;1
CCTATATTCGGGACCT-1;3
CCTCAGTTCAATGAGG-1;5
CCTCAGTTCCTGCGAA-1;1
CCTCAGTTCTTTGAGA-1;0
CCTCCTCTCAAGCGCC-1;2
CCTCCTCTCATTGTTC-1;0
CCTCCTGAGCCATCAG-1;2
CCTCCTGAGCGAAGTA-1;0
CCTGACTTCAAGGACA-1;2
CCTGAGTCACATAGCC-1;0
CCTGAGTCAGAATGAC-1;2
CCTGAGTCATCGCTCC-1;1
CCTGATGAGGTCCGTA-1;2
CCTGCTCCAAGACTCC-1;0
CCTGCTCCACTGACTA-1;1
CCTGGATCACACCAAC-1;2
CCTGGATCACCTGGTG-1;2
CCTGGTAAGGCTACAT-1;4
CCTGTAACACAATGTT-1;2
CCTGTAACAGTTGCGT-1;4
CCTGTATGTGCAATAT-1;0
CCTGTATGTTGGTGAC-1;0
CCTTAGTGTGCTGTAA-1;1
CCTTATGTCACAAGCT-1;3
CCTTATGTCCCTCACG-1;0
CCTTATGTCCTGTTCA-1;1
CCTTATGTCTAAGTCA-1;0
CCTTCAATCACAGACT-1;4
CCTTCAATCGTACCGA-1;0
CCTTCAATCTAAGGAG-1;2
CCTTCAGGTCAGGAAG-1;1
CCTTCGGTCTGGCAAT-1;1
CCTTCGTAGCCGCTTT-1;1
CCTTCGTAGGTGCTGC-1;1
CCTTGCGTCGTTCACC-1;0
CCTTGCGTCTACCTGC-1;0
CCTTGTTCAAACCTTG-1;1
CCTTGTTCAAAGCTAA-1;0
CCTTGTTCAAGGGTTG-1;0
CCTTGTTCAGCATGAG-1;0
CCTTGTTCATAACGGG-1;0
CGAAATGAGGCTACAT-1;2
CGAAATGAGTAACTCA-1;2
CGAAATGAGTGGCGGA-1;4
CGAACCGGTCATAACG-1;0
CGAAGAATCCCTCACG-1;3
CGAAGAATCGCTAGCA-1;2
CGAAGCCTCATTTGTC-1;1
CGAAGCGAGGAAACTG-1;0
CGAAGGCCATGTCAAT-1;1
CGAAGGCCATTGTGGC-1;2
CGAAGTAAGTAACCCG-1;2
CGAATATGTATTGAGT-1;0
CGAATATGTTTCGCGC-1;1
CGAATCTAGCACTTGG-1;3
CGAATCTAGGATGATG-1;2
CGAATCTAGTTGTCAA-1;2
CGACAAGCAAGGTAAC-1;0
CGACAAGCATCCTGAA-1;1
CGACCTGCAGAATGAC-1;0
CGACCTGCAGCTTACA-1;3
CGACCTGCATAGACTT-1;4
CGAGCGAAGGTAACGA-1;3
CGAGCTGGTGTGTCCC-1;1
CGAGGTGAGGACAATG-1;0
CGAGGTGAGTGGACAA-1;0
CGATATTCAAACCCTA-1;3
CGATATTCACCTGGTG-1;2
CGATATTCATAAGCAA-1;1
CGATATTCATGCAACC-1;4
CGATATTCATGTTGTG-1;2
CGATCCTTCGGTCATG-1;2
CGATTATCAAAGCGCA-1;1
CGATTATCAGCAACCT-1;1
CGATTATCAGGCATGA-1;0
CGATTGAGTGCCGCAA-1;1
CGATTTGCAACTAGAA-1;4
CGCAAATTCATCCTGC-1;0
CGCAAATTCCTGGTCT-1;0
CGCAATCCAGTCTAAT-1;3
CGCAATGTCACTCAAA-1;3
CGCAATGTCAGGCCTA-1;0
CGCAATGTCCACAATA-1;2
CGCAATGTCGGTTACG-1;2
CGCAATTAGCGGCTGT-1;0
CGCAATTAGGTGAAGC-1;0
CGCACCACACAAAGAC-1;1
CGCACCACACCACAAC-1;0
CGCACCACATCATGTG-1;2
CGCACCACATGTTGGC-1;5
CGCACCACATTATGCG-1;2
CGCATATAGAGCCGGA-1;1
CGCATATAGCCAGGTC-1;1
CGCATATAGGAACACA-1;0
CGCATGATCAAGCTTA-1;2
CGCATGATCTCCATGC-1;4
CGCATTACAATATACC-1;0
CGCATTACACCTGTAA-1;0
CGCATTACAGCAAGAT-1;4
CGCATTTGTTAACACG-1;5
CGCCAAATCTTGCATT-1;2
CGCCACACAATAGCCC-1;1
CGCCACACAATTAAGG-1;0
CGCCACACACAACAAA-1;0
CGCCACACACCGGCTA-1;2
CGCCACACAGCTTACA-1;1
CGCCTCATCATGTGGT-1;2
CGCCTCATCGCTAAGT-1;4
CGCCTCATCGGCTAGC-1;3
CGCCTGTGTTGTAAAC-1;0
CGCGATTCAGTCTAAT-1;4
CGCGATTCATTCCTCG-1;2
CGCGGATTCTCAATTC-1;0
CGCGGATTCTTGTTCG-1;3
CGCTAACCAACACTTG-1;0
CGCTAACCAAGCTAAA-1;1
CGCTAACCATACCCGG-1;0
CGCTAATAGAGAGGCT-1;1
CGCTAATAGCGGTTAT-1;3
CGCTACTTCAATCTAG-1;4
CGCTACTTCCTCACAC-1;0
CGCTATGAGGTTTACA-1;2
CGCTCAGCACTTGTTC-1;0
CGCTTAACATTATGAC-1;0
CGCTTACTCGGCTATG-1;0
CGCTTACTCTAAGGAG-1;2
CGCTTACTCTCATCAT-1;3
CGCTTGCGTAAGGTTT-1;5
CGCTTGCGTAGACAAA-1;0
CGCTTGCGTCCACAAA-1;0
CGCTTGCGTCTAGCTT-1;0
CGCTTGCGTGAGAAAC-1;4
CGGAATCGTCTTACTA-1;0
CGGAATCGTTGAAGCC-1;0
CGGACCTAGACAAACG-1;1
CGGACCTAGACTTACA-1;1
CGGAGTCTCACTAAGC-1;3
CGGAGTCTCGCACACA-1;2
CGGATAAAGAGGATAT-1;2
CGGATTAGTAAGCACC-1;0
CGGATTAGTGCTTTAC-1;0
CGGCAATGTGCTCCGT-1;3
CGGCAATGTTTAACGG-1;1
CGGCCATAGTTCCCGT-1;0
CGGCTAATCAACCAAC-1;2
CGGCTCACAATAGCCC-1;4
CGGGACAAGAAAGGAA-1;1
CGGGACAAGCAGCTCA-1;3
CGGGACAAGCCTAACG-1;3
CGGGACAAGTAACAGG-1;0
CGGGACAAGTAACTCA-1;1
CGGGCTTAGTCAGTAC-1;1
CGGGTCTAGTCTCACC-1;1
CGGGTCTAGTTTGAGC-1;0
CGGTAACGTACTTCAC-1;0
CGGTAACGTTGAAGCC-1;1
CGGTTATAGCTCATAA-1;1
CGGTTCCGTAGTCAAT-1;2
CGGTTCCGTGATGAAA-1;4
CGGTTGGGTGCTCCGT-1;1
CGGTTGGGTTAGCAGC-1;5
CGGTTGGGTTAGTGAT-1;4
CGGTTTCTCACAGGAA-1;1
CGGTTTCTCATTACAG-1;1
CGGTTTGAGAACAAGT-1;0
CGGTTTGAGTCACCAG-1;2
CGTAACCCACCGGCTA-1;1
CGTAACCCATCAGCAC-1;0
CGTAACTAGCCTCTGT-1;0
CGTAACTAGTGAAGTG-1;0
CGTAATGGTTTATCGC-1;2
CGTAGCGGTTACCTGT-1;1
CGTATTGCAAGCTTAT-1;0
CGTATTGCACCTATAG-1;2
CGTCAATAGACAGGCG-1;1
CGTCAATAGCGGCTGT-1;0
CGTCAATAGTGTTGTA-1;4
CGTCATTGTCCTAGTT-1;2
CGTCATTGTGGAAACG-1;1
CGTCCTAGTTTAGCGA-1;3
CGTGACATCCTTAGGG-1;3
CGTGAGGAGCTTCCCG-1;0
CGTGAGGAGGAGGACT-1;2
CGTGCACAGGTCGAGG-1;0
CGTGCACAGTCGCAAT-1;0
CGTGCTGCACAAGCCT-1;3
CGTGCTGCATTAGCGC-1;4
CGTGGTTCACATTAAC-1;0
CGTGTGTCATTAGGCC-1;0
CGTTAGTAGCAGGTTT-1;0
CGTTAGTAGGACTTAC-1;5
CGTTAGTAGTTAGTGC-1;2
CGTTATCGTAACCTAG-1;1
CGTTATCGTGTTGTAG-1;3
CGTTATCGTTTACTTG-1;3
CGTTATTTCGCCTAAG-1;1
CGTTATTTCTAACCAA-1;4
CGTTGCAAGCCACATG-1;2
CGTTGCGCAGGCTAAG-1;1
CGTTTGTGTCATTGTC-1;0
CGTTTGTGTTGAATCG-1;2
CTAAATGTCAATTACG-1;0
CTAACCACATCTTGAG-1;0
CTAAGGTTCCAAGTTA-1;2
CTAAGGTTCCTAACGG-1;0
CTAAGGTTCCTCAGTC-1;2
CTAAGTCAGGTCAAAG-1;2
CTAATCCGTGCTAGCG-1;3
CTAATCGCAAAGCGCA-1;1
CTAATCGCAAGCTTAT-1;3
CTACCGGCAAGGACCA-1;2
CTACCTCAGCAAGATG-1;1
CTACCTCAGGGCTTTG-1;1
CTACTAAAGCAGGCCT-1;0
CTACTTAGTCATAACG-1;0
CTACTTAGTTGGATCA-1;0
CTAGATTCATCGCTTT-1;0
CTAGCTGAGCAAGGTA-1;3
CTAGCTTGTAGACAAA-1;2
CTAGGACGTATCTGGA-1;1
CTAGGCGGTCAAGTGC-1;5
CTAGGCGGTGGACATC-1;2
CTAGGCGGTGTGCAAC-1;3
CTAGTAATCATGCCTC-1;0
CTAGTAGGTAAATTGC-1;1
CTAGTCGAGTGAGGTA-1;1
CTAGTTGCAACAGGAT-1;2
CTATAACCACAGAAAC-1;0
CTATAACCATACTCCT-1;1
CTATGACAGGGTGAGT-1;0
CTATGACAGTCACTAA-1;1
CTATGATCAGCATGGA-1;2
CTATGTTTCCAAATCA-1;3
CTATTACTCCGTCCAT-1;1
CTATTACTCTAATCTC-1;0
CTATTGAAGCGCTAAT-1;2
CTCACAACAATCCTAG-1;2
CTCACACTCAGGTTTA-1;4
CTCACACTCCCATAAA-1;2
CTCACTCAGTCACTAA-1;0
CTCATGACACTGACTA-1;2
CTCATGCTCCGCAAGC-1;3
CTCATGCTCTAAGGTC-1;3
CTCATTAGTGAAACAA-1;4
CTCATTGTCGCTATGG-1;1
CTCCAACTCTTGCAAA-1;3
CTCCATCAGGGTGGAT-1;1
CTCCATCAGTCATGCG-1;0
CTCCCTGAGCTTTGTT-1;3
CTCCGGACATCCAGGT-1;1
CTCCGTCCACAGGGAC-1;2
CTCCTAATCACAAGCT-1;3
CTCCTAATCATTGTTC-1;4
CTCCTCACAATTAACC-1;0
CTCCTGAGTATTGGAT-1;3
CTCCTGAGTTCACCCA-1;1
CTCCTGAGTTTACGTC-1;5
CTCGACAAGGAGTCTT-1;0
CTCGACAAGGATGATG-1;0
CTCGACAAGGTGAAAT-1;2
CTCGCTAGTATTGTGG-1;2
CTCGCTAGTGCTGGTG-1;5
CTCGCTAGTTCACTGT-1;1
CTCGCTCCAGGCTAGA-1;0
CTCGCTCCATCCCGCT-1;3
CTCGTTATCACGCATG-1;0
CTCTAAGCACAAAGGT-1;3
CTCTAAGCACATACTG-1;3
CTCTATGTCACAAGCT-1;0
CTCTCACAGTTAGCTA-1;0
CTCTGTTCAGCCTTGG-1;3
CTCTTGATCGAGCAAA-1;3
CTGAAACTCAACCAAC-1;1
CTGAAACTCATGCATA-1;2
CTGAATATCGTTACTT-1;2
CTGACATAGCGAGCGA-1;2
CTGACATAGCTAGAAG-1;3
CTGACATAGGAGCACG-1;3
CTGACATAGGCTACTG-1;2
CTGACATAGTACCGCA-1;1
CTGACCAAGCATGCAT-1;2
CTGACCAAGTGTTGCG-1;0
CTGATCACATTGCGAC-1;2
CTGCAATAGCTGGACC-1;0
CTGCTACTCCGCAAGC-1;2
CTGCTACTCGCGACAC-1;4
CTGCTATGTAGCCTAA-1;0
CTGCTATGTCATAAGT-1;1
CTGCTCCCAGCTAACC-1;1
CTGCTCCCATGGCCTG-1;1
CTGCTCCCATGTCAGC-1;1
CTGGACCAGCCACAAT-1;2
CTGGATGTCATCCACC-1;1
CTGGATGTCGTTTCCA-1;1
CTGGATGTCTGCAAGT-1;2
CTGGCTAAGAAAGCAT-1;1
CTGGCTAAGTGGCGGA-1;1
CTGGTAAGTCATAACG-1;0
CTGGTCAAGATAAAGC-1;2
CTGGTCAAGGCGGATG-1;1
CTGGTCAAGTAACGGA-1;2
CTGGTTACAACTAGGG-1;2
CTGGTTTGTCTAACAG-1;4
CTGTAACAGCATGCAT-1;3
CTGTAACAGGAGGTTA-1;1
CTGTAACAGTGAACGA-1;4
CTGTACCTCAGCATTA-1;5
CTGTACCTCATTTAGG-1;1
CTGTATTTCAAGTGAG-1;0
CTGTATTTCGATTTAG-1;1
CTGTATTTCTAGCTAA-1;0
CTGTATTTCTTGTCCA-1;0
CTGTTCATCGAGCAAA-1;5
CTGTTCATCGCCTAAG-1;2
CTGTTCATCTTGCATT-1;0
CTGTTGGAGCTCAAAC-1;3
CTGTTTAGTGAGCACT-1;1
CTGTTTAGTTGTTGTC-1;0
CTTAATGAGAAAGCAT-1;2
CTTAATGAGTCTGGGC-1;5
CTTACCTCACGAATTT-1;0
CTTAGGAGTGGATTCA-1;0
CTTAGTTTCAATGTCA-1;1
CTTATGTTCACCATTT-1;2
CTTATGTTCCTTGTTG-1;1
CTTATTGGTCAGGCAT-1;1
CTTCAAGCATGAGCAG-1;4
CTTCAATTCACTAAGC-1;1
CTTCACTCAATCGCAC-1;4
CTTCACTCATCGCTTT-1;0
CTTCACTCATGTCGCG-1;0
CTTCATCCAGCTAATT-1;4
CTTCTAAGTCCGGTTC-1;3
CTTCTAAGTCTCAGCC-1;1
CTTCTCAAGGAGCACG-1;1
CTTCTCAAGGTGCTGC-1;4
CTTGAACAGGATAAAC-1;1
CTTGAACAGGTGAAGC-1;4
CTTGAATCAAGGCCAA-1;0
CTTGAATCAATAACCT-1;0
CTTGACGAGTACTGGT-1;1
CTTGCAACATGCTTAG-1;2
CTTGCAACATTAGCGC-1;1
CTTGCATGTGGAGCAA-1;3
CTTGCGCGTTTGTGGA-1;4
CTTGGACCACCACAAC-1;1
CTTGTAAAGCTCCTAC-1;1
CTTGTTCCAATTTAGC-1;3
CTTGTTCCACGTAATT-1;1
CTTTATCAGTTTAACG-1;1
CTTTATGGTCTTGCAT-1;1
CTTTCTTGTGCCGCAA-1;0
CTTTGAGCAGAAATTG-1;1
CTTTGGGAGTCCTTTG-1;1
CTTTGGGAGTCTGGGC-1;4
CTTTGGTGTAATCGTG-1;3
CTTTGGTGTGAATCGC-1;0
GAAAGCCAGCGATAGA-1;1
GAAAGCCAGTAGAGGC-1;1
GAAAGGCTCCTTGCAC-1;0
GAACACAAGTAATCCA-1;1
GAACCAGCAATATAGG-1;3
GAACCAGCATAATGTC-1;1
GAACCTGTCATTGTTC-1;1
GAACCTGTCCAAGTTA-1;0
GAACCTTAGCACTTGG-1;0
GAACCTTAGGAAGCAC-1;4
GAACGAATCACTTTAC-1;3
GAACTTATCATTGTTC-1;0
GAACTTATCTCCTCAA-1;2
GAAGCTAAGAGAAGGG-1;2
GAAGGATGTCTAACAG-1;0
GAAGGCTAGATGGAGC-1;1
GAAGTATAGGACTAAG-1;3
GAAGTCAAGCGAAGTA-1;0
GAAGTGATCCATCAGG-1;3
GAATTTGTCAAGTGAG-1;0
GAATTTGTCGATTATG-1;1
GAATTTGTCTCACTCA-1;1
GACACCGGTTTATTCG-1;0
GACACTAGTTGCACAA-1;2
GACATAGAGGTGTCCA-1;2
GACATTATCCCGTTAC-1;1
GACATTATCGAAGTAG-1;1
GACCGTTCAAAGCCTC-1;1
GACCTAAGTTAACGAT-1;3
GACCTCAAGCAAGACA-1;1
GACCTGATCGAGGAAC-1;1
GACCTTTGTATTGTCC-1;3
GACCTTTGTATTTGGG-1;2
GACCTTTGTGATTTGG-1;2
GACGTAAAGCAACATC-1;0
GACGTAAAGCGAAGTA-1;3
GACGTAAAGCGCCTAA-1;5
GACTATTCAAACGGGC-1;0
GACTATTCATATTGAC-1;1
GACTCACCATAGCTGC-1;3
GACTTACAGCTTAGTA-1;5
GACTTAGGTAAGGTCC-1;1
GACTTAGGTCATGAGC-1;4
GACTTAGGTTTGGGCG-1;1
GACTTGGTCCTGTTCA-1;2
GAGAAACGTTAAGTGT-1;2
GAGAACCAGGTGCTGC-1;4
GAGATAAGTTTGCGAA-1;3
GAGCAAATCCCTGTTA-1;1
GAGCAAGGTGGTTCCC-1;1
GAGCAAGGTTTAAAGC-1;1
GAGCCACTCTCCTCTT-1;2
GAGCGAAGTATGGTGC-1;0
GAGCGGTCACCATATG-1;0
GAGCGGTCATGGCCTG-1;0
GAGCTGCTCAACCAAC-1;0
GAGCTGCTCTCACAAA-1;0
GAGCTTAGTACCCACC-1;1
GAGCTTAGTCAAAGGG-1;4
GAGCTTAGTCCTTAGT-1;0
GAGCTTAGTTTATGGG-1;2
GAGCTTGTCACGCATG-1;0
GAGGACTAGGAGGTTA-1;2
GAGGCAAGTGTCACGG-1;0
GAGGCCTTCTTTAAGG-1;3
GAGGGAGCATGACTAT-1;0
GAGGTACAGGCCATCA-1;4
GAGGTACAGTCGCTAG-1;1
GAGGTAGGTCAAGTAT-1;1
GAGGTGAGTGGACATC-1;1
GAGGTTAAGTATCGCG-1;2
GAGGTTAAGTCAATCA-1;0
GAGTAACCAATAATGG-1;2
GAGTAACCACGCAACT-1;0
GAGTAACCAGCGCTTG-1;0
GAGTCAAAGCATGGTT-1;2
GAGTCAAAGGCACAGG-1;1
GAGTCATTCACTCAAA-1;0
GAGTCATTCCGGGACT-1;4
GAGTGAGGTGAAACAA-1;0
GAGTGATCACGTGCTG-1;0
GAGTGATCACTAAGAA-1;3
GAGTGTTTCGGTAACT-1;1
GATAAAGGTGATTACG-1;3
GATAAGCCAATCGCAC-1;1
GATAAGCCAGGCGATA-1;0
GATAATCGTACGGGTT-1;1
GATAGACCAATTATGC-1;2
GATAGACCATTGTGAT-1;2
GATCAGTTCGCTTCTA-1;0
GATCCGTCATAAAGCA-1;0
GATCCGTCATAATCGT-1;0
GATCGAGCACACAATT-1;0
GATCGATTCCAAATCA-1;1
GATGACTTCCGCAACA-1;2
GATGACTTCGGTTACG-1;2
GATGACTTCTTTAGGA-1;0
GATGAGGGTAATAACC-1;0
GATGCATTCGCTATGG-1;5
GATGCATTCTTTGTAC-1;2
GATGCGACAAAGGCCA-1;1
GATGCGACACTCGCTC-1;4
GATGCTTAGCCGCTTT-1;0
GATGCTTAGGTTACGT-1;1
GATGGACAGCTCCTAC-1;3
GATGGCTGTGTGTCCC-1;1
GATGGCTGTTTAGCGA-1;2
GATTACGGTTACTAGG-1;1
GATTACTCAAGGTCCT-1;1
GATTAGCTCCTTCAAT-1;0
GATTAGTGTCACCAAA-1;2
GATTAGTGTTACTTCA-1;1
GATTCAATCAGTTCCC-1;2
GATTCAGGTACCGTAA-1;2
GATTCAGGTCGCAATA-1;5
GATTCATCAAGGGTTG-1;0
GATTCATCATTGCGGT-1;1
GATTCCTGTCGTTATC-1;0
GATTGATGTACCGGAT-1;2
GATTGATGTCATGAGC-1;3
GATTGGCGTGAGAAAC-1;0
GATTGGCGTTGTTGGA-1;1
GATTTGCAGTAGGCGG-1;0
GATTTGCAGTCAATCA-1;3
GCAAACAAGCCTGGTA-1;2
GCAAACTTCCAGGGAG-1;5
GCAAACTTCCTGATGG-1;3
GCAACAGCATGGAGGC-1;0
GCAACAGCATTATGCG-1;0
GCAAGCCTCATTGTCT-1;1
GCAAGCCTCCGTCCAT-1;2
GCAAGTCGTCCGCTGT-1;1
GCAATAGAGCGCCTAA-1;1
GCAATAGAGGTTACAC-1;2
GCAATAGAGTCACCAG-1;1
GCAATATGTATTGAGT-1;0
GCAATATGTGGACCTG-1;0
GCAATATGTTTCCTCC-1;5
GCAATCTAGCTTAACA-1;1
GCAATCTAGGAGGTTA-1;1
GCAATGAAGAGGGACT-1;2
GCAATGAAGGTAGCTT-1;0
GCAATGTTCTGCAAAC-1;1
GCACATTAGAGGAGGA-1;0
GCACATTAGGTAAGCA-1;0
GCACCTAAGCCTGTTC-1;3
GCACGGTTCACTAATG-1;4
GCACTTACATTTGCTC-1;4
GCAGCAACATGAATAG-1;2
GCAGCCAGTAGGTTAT-1;3
GCAGCCAGTTGGTGAC-1;0
GCAGCTATCAGTTCCC-1;1
GCAGGAAGTCATGAGC-1;0
GCAGGAAGTTAATCGG-1;1
GCAGGAAGTTCATTTG-1;1
GCAGGACCAGCATGAG-1;1
GCAGGATAGCTCAAAC-1;1
GCAGGATAGTTACTTC-1;1
GCAGGCAAGAGGAGTC-1;1
GCAGGCAAGGATTTGC-1;1
GCAGGCAAGTTGTCTT-1;0
GCAGGTGAGCACTAGT-1;3
GCAGGTGAGCCAAATC-1;1
GCAGGTTGTCAGGAAG-1;1
GCAGGTTGTTAACAGT-1;2
GCATCCTTCATTGCGG-1;1
GCATCCTTCGTTAGTA-1;3
GCATCCTTCTTGGACG-1;1
GCATGAAAGGTCTTGG-1;1
GCATGAAAGTCACTAA-1;2
GCATGAAAGTGAGAGC-1;0
GCATGAGCAGAAACGT-1;1
GCCAACATCAGTATTG-1;3
GCCAATAGTGTAATAC-1;0
GCCAATTAGCCTCTGT-1;0
GCCAATTAGGCCAATT-1;4
GCCACAATCCTCACTA-1;3
GCCACAATCTGTTGCC-1;0
GCCACACAGTTAGACC-1;0
GCCACTAAGCACAGAA-1;0
GCCACTAAGTAGCGCC-1;1
GCCAGGAAGTAGCGCC-1;0
GCCATGATCCTAACGG-1;1
GCCATGATCGGTTAGT-1;1
GCCATTACAATGAGGT-1;0
GCCATTACACAACAAA-1;0
GCCCAAATCCGGAACC-1;0
GCCCAAATCGAAGCGG-1;1
GCCCGTTGTAGGATTT-1;0
GCCCTCATCAATCTCT-1;1
GCCCTCATCATTGTTC-1;0
GCCCTCATCCAATTAG-1;1
GCCGTGAGTATTCGTC-1;1
GCCGTGAGTCATCATC-1;0
GCCGTGAGTGTGTCCC-1;2
GCCTAATAGCCATCAG-1;0
GCCTATTGTCGCATAA-1;4
GCCTCAAAGTTGTCCC-1;0
GCCTCCATCAAGCTAC-1;4
GCCTCCATCACGCCAA-1;1
GCCTGACAGACTTACA-1;0
GCCTGAGGTCAAGACC-1;1
GCCTGCTGTCCCGGAA-1;1
GCCTGCTGTGTGAGGA-1;5
GCCTGCTGTTAGGATT-1;2
GCCTGTGCAGAATGAC-1;4
GCCTTAACACAACAGG-1;2
GCCTTACTCAGCACGC-1;2
GCCTTACTCATGGTTA-1;1
GCCTTGCGTAAGGTCC-1;0
GCCTTTATCCAGGTTG-1;1
GCCTTTATCGTTTCCA-1;0
GCCTTTGGTAGCTGGT-1;1
GCCTTTGGTCGTTATC-1;3
GCCTTTGGTGGGTGAA-1;0
GCGAAGCCAACCCTAA-1;1
GCGAAGCCAGTTATCG-1;0
GCGAAGCCATTAAGCT-1;4
GCGAAGTAGGAAGTAT-1;2
GCGAGTGAGAAGGTGC-1;0
GCGATTAGTTAAGGCC-1;1
GCGATTAGTTTGGGTA-1;0
GCGATTTAGTGAGAGC-1;0
GCGCAATGTGCATCGG-1;0
GCGCCTTGTACCGTTT-1;1
GCGCCTTGTTTAGCGA-1;2
GCGCTAGGTACCAGGT-1;2
GCGCTAGGTACGCGCA-1;3
GCGCTTAAGATAACCC-1;0
GCGCTTAAGGCTACTG-1;3
GCGGAACCAACAGCCT-1;3
GCGGATACAAACTAAG-1;5
GCGGATACAGGCTAGA-1;2
GCGGGTTTCCGCAACA-1;0
GCGGTTATCATGTGGT-1;0
GCGGTTATCATTACGA-1;1
GCGGTTATCCTAACGG-1;2
GCGGTTGGTATACTGG-1;0
GCGGTTGGTCCGGTTC-1;1
GCGTGCTAGAGCCGCT-1;1
GCGTGCTAGGTAACGA-1;0
GCGTGCTAGTGTTGCG-1;2
GCTAACAGTGGAAACG-1;5
GCTAACCCAGGCGAGT-1;4
GCTAAGCGTATTGCAG-1;3
GCTAAGCGTGTAATAC-1;1
GCTAAGTTCCCGTTGT-1;0
GCTAAGTTCCTCCATA-1;4
GCTAATATCACGCCAA-1;1
GCTAATATCCACCCTG-1;4
GCTAGCCAGCGAAGTA-1;0
GCTAGCCAGGAAGCTA-1;1
GCTAGCCAGTTTGGTA-1;0
GCTAGCGGTTCGGTAA-1;0
GCTATAGGTAGCAGCT-1;3
GCTATCCTCAAGGACA-1;0
GCTATCCTCAGCTAAC-1;0
GCTCAACCAATGAATG-1;0
GCTCAACCAGCTAATT-1;3
GCTCACAAGGGATGCG-1;2
GCTCACAAGGTAAGCA-1;3
GCTGACATCGTACCGA-1;5
GCTGACATCTAGCGAT-1;2
GCTGAGGAGTAAAGGT-1;2
GCTGATCCAAGTAAGC-1;0
GCTGATCCACAATTAC-1;5
GCTGATCCAGCAGGTA-1;2
GCTGATCCATGCATAT-1;1
GCTGCAATCAAGACTC-1;1
GCTGCAATCCACCTGT-1;3
GCTGCACAGGCTGGCT-1;0
GCTGCACAGTTGCCTC-1;1
GCTGGTTCAGGTTATT-1;2
GCTGTACCAAATGCCC-1;2
GCTGTACCATCTTGAG-1;0
GCTGTGATCCGGTATG-1;0
GCTGTGCAGCATGTTA-1;4
GCTGTGCAGGTTAGCT-1;3
GCTGTGCAGTTGGGCC-1;3
GCTTAAATCAGCACGC-1;0
GCTTAAATCCGCATGA-1;1
GCTTAAATCGAGCAAA-1;0
GCTTAACAGGTTACGT-1;0
GCTTAACAGTGTTGCG-1;2
GCTTACCTCTTGAGGT-1;1
GCTTAGTAGTTATCCT-1;1
GCTTGACCACGCAACT-1;3
GCTTGACCATTGCGGT-1;1
GCTTGTTGTGCTCCGT-1;3
GCTTGTTGTGGGAACA-1;0
GCTTGTTGTTAACACG-1;1
GCTTTATTCGATATTG-1;0
GCTTTCATCTTTAAGG-1;0
GGAAACTCAACATAAG-1;0
GGAAACTCAGCCTAAC-1;2
GGAAACTCAGGAAGCC-1;2
GGAACAATCCTCACTA-1;3
GGAACAATCTTGTCCA-1;0
GGAACCTGTCGTAATG-1;3
GGAACCTGTTAGAGCC-1;2
GGAAGCTAGCTATTGA-1;0
GGAAGCTAGGCATTGT-1;0
GGAATCTTCTATGACA-1;0
GGAATCTTCTGGCATG-1;0
GGACCGAAGTAACGGA-1;1
GGACCGAAGTGAGGGT-1;1
GGACGGATCATAGACC-1;1
GGACGGATCCATCAGG-1;2
GGACGGATCTTAGGGT-1;2
GGAGCATAGCATGAAG-1;1
GGAGCGATCCTAATAG-1;0
GGAGCGATCCTTTACG-1;5
GGAGGTTAGAAACTGG-1;2
GGAGGTTAGCAAACCT-1;1
GGAGGTTAGTCCTGAG-1;2
GGAGTCTGTGCCGCAA-1;2
GGATAACCAAACAACA-1;2
GGATGAATCATGCTTT-1;2
GGATGAATCCTCATGC-1;0
GGATGTAAGGCATGTT-1;3
GGATTCAGTCATCAAG-1;1
GGATTGCGTCTTTGAC-1;0
GGCAAGCCAATCGCAC-1;0
GGCAAGCCACTAAATC-1;3
GGCAGGATCTTAGGGT-1;2
GGCATTGTCATGCATA-1;0
GGCCAACTCACTCAAA-1;2
GGCCAACTCCTGATTT-1;4
GGCCAACTCGGTCAAT-1;0
GGCCAACTCTTGGACG-1;1
GGCCATCAGCATGAAG-1;0
GGCCGTTAGTGAGCAA-1;1
GGCCTAATCGGTACGC-1;3
GGCCTTAAGAGGAGTC-1;1
GGCCTTAAGTCGCTAG-1;1
GGCCTTAAGTGAGAGC-1;1
GGCCTTCGTTTACGTC-1;0
GGCGCTAGTTACTAGG-1;1
GGCGGTAAGTGTTGCG-1;1
GGCGTTATCAGGTCCA-1;0
GGCGTTATCCCTGTTA-1;0
GGCGTTATCTTGACCC-1;1
GGCTAGTGTCAACAAT-1;2
GGCTAGTGTCACCTAT-1;3
GGCTAGTGTGGATTGC-1;1
GGCTATGTCTGTTCAT-1;2
GGCTCAATCACATTGA-1;3
GGCTCACAGCGGTTAT-1;2
GGCTGAGAGCTACTGG-1;1
GGCTGAGAGGAAACTG-1;2
GGCTGGTTCAAGCTTA-1;0
GGCTGGTTCGAGGAAC-1;5
GGCTGTCAGCAGCTAT-1;1
GGCTGTCAGCCTGTGA-1;1
GGCTGTCAGTGTTGCG-1;0
GGCTTAAGTAAGCTCA-1;3
GGCTTAAGTTTATCGC-1;2
GGCTTCAAGTATCGCG-1;0
GGGAATATCACATTGA-1;0
GGGAATATCATGCATA-1;0
GGGATTAAGCTGAGGG-1;0
GGGATTAAGGTCCGTA-1;4
GGGCATGAGAACCTAC-1;2
GGGCATGAGGTTACGT-1;2
GGGCATGAGTTGGGCC-1;0
GGGCATTGTGGGTACT-1;0
GGGCATTGTTATCGAG-1;0
GGGCCTAGTGCAATGC-1;1
GGGCCTAGTTTGGCTT-1;0
GGGCTAACAAACATAG-1;2
GGGTCAACAGCCGCTA-1;3
GGGTCAACATGAGTTT-1;0
GGGTCACTCGGCTATG-1;3
GGGTCACTCTTAGGAC-1;2
GGGTGAAGTAATAACC-1;1
GGGTGAAGTGCTCACC-1;0
GGGTGAAGTTGTCATC-1;2
GGGTGTTGTCCTGATT-1;5
GGGTGTTGTCTTTATG-1;3
GGGTGTTGTTTGGTTC-1;2
GGGTTACGTCACGAAC-1;4
GGGTTACGTGTAATAC-1;2
GGGTTATTCCGCCAAA-1;1
GGGTTTCCAAACGCGA-1;0
GGGTTTCCACATACTG-1;5
GGGTTTGTCAATTACG-1;0
GGGTTTGTCGATTTAG-1;5
GGGTTTGTCTATGACA-1;1
GGTAAACCAAGTGAAC-1;3
GGTAAACCAATAGCCC-1;1
GGTAAACCAGAAACGT-1;2
GGTAACTTCTCTAGCC-1;0
GGTAAGGGTCGCAAAC-1;1
GGTAAGGGTGATGAAA-1;2
GGTAATTGTAAAGCGG-1;1
GGTAATTGTGAGGTGA-1;2
GGTAATTGTGTTAAAC-1;0
GGTACAAAGTAGGCGG-1;2
GGTACTAGTGTCCAAA-1;5
GGTAGGAGTACGGTAC-1;1
GGTAGGAGTTAAGCTG-1;2
GGTATGTTCACCTGTC-1;0
GGTATTGGTCATTACC-1;3
GGTATTGGTTACTAGG-1;2
GGTATTGGTTCGCGCT-1;2
GGTATTTCATTAGGTT-1;4
GGTCAAGCAACTAACT-1;0
GGTCAGGAGTTGCCTC-1;1
GGTCCATCAAGCTTAT-1;4
GGTCCGTAGCAGGTGG-1;3
GGTCCTGCATTAAACC-1;1
GGTCGGTTCACGTTAA-1;0
GGTCGGTTCATGGTGT-1;4
GGTCTTGAGGAGTCTT-1;2
GGTCTTGAGTAGCGCC-1;3
GGTCTTGAGTCACCTC-1;4
GGTGAGCCATCCGTAA-1;3
GGTGAGGTCCGGTTGA-1;0
GGTGATTTCCAACTGG-1;5
GGTGATTTCTTAAGTG-1;2
GGTGCTTCATAGCGAG-1;4
GGTGCTTCATGAATAG-1;2
GGTTAATGTAATCGCA-1;0
GGTTAATGTGCAACTA-1;1
GGTTAATGTTAGAGGG-1;5
GGTTATATCAGAAACG-1;0
GGTTATGGTGCTCCGT-1;0
GGTTATGGTGGATTAT-1;1
GGTTCCCGTGAGCAAG-1;0
GGTTCCCGTGATGATT-1;1
GGTTGAGCAAGGATTA-1;3
GGTTGCATCAGGTCCA-1;3
GGTTGCATCGAGGAAC-1;3
GGTTGCGGTAAGCTCA-1;3
GGTTGCGGTTAACGGC-1;0
GGTTGCGGTTAGGTGC-1;0
GGTTGGTGTACGATTG-1;0
GGTTGGTGTAGGTTAT-1;4
GGTTTAATCCTCATGC-1;0
GGTTTCCTCCTGGCTT-1;0
GGTTTCTGTTCACTGT-1;1
GGTTTCTGTTTGGGCG-1;1
GTAAGCAAGCTACTGG-1;2
GTAAGCGCAACTAGGG-1;0
GTAAGCGCACCAGGTT-1;1
GTAAGCTTCTACCTAT-1;1
GTAAGGTCAGCTTACA-1;3
GTACAATGTAGCTGCG-1;3
GTACCTTGTCCGTAGG-1;0
GTACCTTGTCCTTCTC-1;0
GTACCTTGTGCTGTAA-1;1
GTACCTTGTGGGTGAA-1;0
GTACTAATCGTGCCTT-1;3
GTACTAGGTGAGAAAC-1;1
GTACTAGGTTCATCTA-1;2
GTACTAGGTTGCCTCA-1;0
GTACTGGTCGCGACAC-1;1
GTACTTCGTAACCTAG-1;1
GTAGCCATCAAGCGCC-1;1
GTAGCGCTCTTAAGTG-1;1
GTAGCTGTCATGCAAC-1;4
GTAGCTGTCTCAATTC-1;5
GTAGGAGGTATGGTGC-1;3
GTAGGATCAGAACCGA-1;1
GTAGGATCATCCAGGT-1;1
GTAGGCGAGGACTAAG-1;1
GTAGGCGAGTCAATTG-1;1
GTAGGTGCATCCATCT-1;0
GTATCGCCATGTTGCA-1;0
GTATGTGGTCATAACG-1;1
GTATGTGGTCTCACTG-1;2
GTATGTGGTTGCGGAT-1;2
GTATGTTCAGCACGTT-1;0
GTATTGATCAAACCTA-1;3
GTATTGCAGACCATAC-1;1
GTCAATATCTCACTCA-1;3
GTCAATATCTCATCAT-1;2
GTCAGGCTCCTGAGTG-1;0
GTCAGGCTCCTTCTAG-1;1
GTCATCCTCAGGAAGC-1;1
GTCATCCTCTAGCGAT-1;2
GTCATGAGTTTCGCCA-1;4
GTCATGCCATTAGCGC-1;3
GTCATTAAGGGATTAG-1;1
GTCATTAAGTCATTGA-1;0
GTCATTAAGTCGCAAT-1;0
GTCCAGGGTTTATGGG-1;1
GTCCATTGTAATGACT-1;0
GTCCATTGTCATGAGC-1;2
GTCCATTGTCTAGCTT-1;0
GTCCTAGAGGAGCACG-1;1
GTCCTAGAGGATTGCT-1;1
GTCCTCCCACCGGCTA-1;0
GTCCTCCCACCTGCTC-1;2
GTCCTCCCAGAAATTG-1;0
GTCCTCCCAGGCTAGA-1;3
GTCGAAGCAATAGCCC-1;2
GTCGAGGAGGATCCGC-1;0
GTCTAATCAACTGGGA-1;0
GTCTAATCACTAAGAA-1;4
GTCTATGCACCAAAGG-1;0
GTCTATGCAGACAAAC-1;0
GTCTCACTCATGAGCT-1;0
GTCTTGCTCAGGATGA-1;2
GTCTTGCTCCCGTTTA-1;2
GTCTTGCTCCTTGCAC-1;0
GTCTTTAGTGCTAGCG-1;1
GTCTTTAGTTTCCTCC-1;0
GTCTTTGTCCCTCGCA-1;0
GTGAACAAGGACTTAC-1;1
GTGAACAAGGAGTCTT-1;0
GTGAATCTCAAATCGC-1;2
GTGAATCTCACTCAAA-1;2
GTGAATCTCGCTCACT-1;0
GTGAATCTCTCAATAG-1;0
GTGAATCTCTTAAGTG-1;2
GTGAGCGAGGACTTAC-1;2
GTGAGCGAGGCTTAGT-1;4
GTGAGCGAGGTCCACA-1;1
GTGAGCGAGTGCTGTG-1;1
GTGAGGAGTCGCATAA-1;1
GTGAGGAGTTACCGGG-1;3
GTGATCAGTACCGTAA-1;0
GTGATGAAGGAGCAAC-1;4
GTGATGAAGTTTCCTG-1;2
GTGCAAGCAGCACGTT-1;2
GTGCAAGCAGGATTAA-1;2
GTGCAAGCATTGCGTA-1;1
GTGCATTAGCACTAGT-1;1
GTGCATTAGCTTCTCA-1;3
GTGCATTAGTTCCCGT-1;2
GTGCCTTTCCTAACGG-1;1
GTGCGCAGTGAAGCCT-1;4
GTGCGGTTCAATTACG-1;0
GTGCGGTTCATTGTCT-1;0
GTGCTCCGTATTTGCC-1;1
GTGCTCCGTCATGCAA-1;2
GTGCTGGGTATCTGGA-1;4
GTGCTTACAGTAATAG-1;0
GTGCTTCTCATTTGCT-1;0
GTGCTTCTCGCAGGCT-1;4
GTGGACACACGTAATT-1;0
GTGGCTTCAACTAGCC-1;0
GTGGCTTCACGCAACT-1;0
GTGGTTAGTGTGAGGA-1;1
GTGGTTAGTTTGGGCG-1;1
GTGTAACTCAATGACC-1;1
GTGTAACTCTAGCTAA-1;0
GTGTGTTAGCGATAAG-1;2
GTGTTCCTCAAACCGT-1;0
GTGTTCCTCGTTATCT-1;4
GTGTTCCTCTGTGAGT-1;4
GTTAACCAGCCAAATC-1;1
GTTAACCAGCGCTAAT-1;0
GTTAACGGTATTGGTG-1;3
GTTAAGCTCCCTCTAA-1;5
GTTAAGCTCCGCATGA-1;2
GTTAAGTGTCATTGTC-1;0
GTTAAGTGTGGACATC-1;0
GTTAATGTCATGCTCC-1;0
GTTAATGTCCGCACAA-1;4
GTTAATGTCCGGTTAG-1;1
GTTACAGGTGCTTACT-1;3
GTTACAGGTTAAGCTG-1;1
GTTACCTGTTCCATTA-1;3
GTTACGTAGGCTACAT-1;2
GTTACTAAGACTTACA-1;2
GTTACTAAGGAGCATA-1;0
GTTACTCGTACGATTG-1;0
GTTACTCGTTATTGCC-1;0
GTTCACCTCGATTATG-1;1
GTTCACCTCTAAGGTC-1;4
GTTCCTGGTCATGCCC-1;0
GTTCCTGGTCTTGCAT-1;2
GTTCCTTCAAACCTTG-1;1
GTTCCTTCAGGCTAGA-1;0
GTTCGCGCAATTTAGC-1;0
GTTCGCTTCACGCCAA-1;0
GTTCGCTTCCCGAACA-1;5
GTTCTTAGTTAGTTGG-1;0
GTTCTTGTCTCCTCAA-1;1
GTTGCATAGCTGAGGG-1;1
GTTGCCCGTAATCGCA-1;2
GTTGCGGGTTTATGGG-1;3
GTTGCTGAGCGAAGTA-1;4
GTTGCTGAGTCTGGGC-1;1
GTTGGCCAGGAAGCAC-1;1
GTTGGCCAGTAAGTCC-1;1
GTTGGCCAGTCCTGAG-1;3
GTTTAACCAATTTAGC-1;0
GTTTACCGTTAGTTGG-1;1
GTTTATCTCGGCTATG-1;0
GTTTCAGCATTATGCG-1;2
GTTTCCTCACCAGGTT-1;2
GTTTCCTCATGCTTAG-1;1
GTTTCTAGTCCTAATC-1;2
GTTTGTAAGTTATGTG-1;3
GTTTGTCGTTAAGCCA-1;2
GTTTGTTTCTTGGACG-1;1
TAAACAGCATCCTGAA-1;2
TAAAGCCTCCACAATA-1;2
TAAAGCCTCGGTACGC-1;1
TAACAAGCAATATAGG-1;1
TAACAAGCAGCTAATT-1;0
TAACCAGGTCCGTAGG-1;2
TAACCAGGTCTATCGT-1;2
TAACCAGGTGCAATGC-1;2
TAACCAGGTGTCACGG-1;0
TAACCAGGTTGCATCT-1;3
TAACCGGTCCTTAATC-1;0
TAACCGGTCGCAATCG-1;1
TAACCTAAGCTGGCTA-1;5
TAAGCCTAGCATGTCG-1;4
TAAGCCTAGTTATTCC-1;0
TAAGCTATCAGCTAAC-1;4
TAAGCTGGTTAACACG-1;1
TAAGGACCAATAAGCA-1;1
TAAGGACCAGGGAGGA-1;2
TAAGTAGCAAGGTGCA-1;1
TAAGTAGCACAACAAA-1;4
TAAGTAGCATAGCGGA-1;0
TAATCCGCATCCGTAA-1;1
TAATGGACAAACCCTA-1;0
TAATGGACAATGCCCG-1;0
TAATGGACAGGAAGCC-1;4
TAATGGTGTTAACAGT-1;0
TAATGGTGTTGTTGTC-1;5
TAATTGCCATTTAAGC-1;3
TACAAGCTCCAAGTTA-1;2
TACAATGTCCCGAACA-1;1
TACAGCTAGACCATAC-1;1
TACAGCTAGCCAAATC-1;1
TACAGGTTCGGCCATA-1;4
TACAGGTTCTTACTCG-1;3
TACCAAATCATGGCTG-1;1
TACCAAATCGACCTGA-1;0
TACCAGGTCTTAGCGG-1;0
TACCCGGCAACCGCCA-1;3
TACCCGGCATGGAGGC-1;2
TACCGAAGTCCTTTAA-1;0
TACCGAAGTGTTGTGA-1;1
TACCGTTGTTAAGTGT-1;2
TACCTCATCCGCAACA-1;0
TACCTCATCGTTATAG-1;1
TACCTGCTCGTTACTT-1;0
TACCTTAGTCACAAAT-1;1
TACCTTAGTGCACGCA-1;3
TACCTTAGTGTCACGG-1;4
TACCTTTAGCGGCTGT-1;0
TACGCACCAAACATAG-1;4
TACGCTTGTCACAAAT-1;1
TACGGTTAGGACCGCT-1;5
TACGTTAAGAACCTGT-1;1
TACTAAGTCCACCTTA-1;3
TACTAAGTCCTAAGAC-1;1
TACTAAGTCCTAGTCC-1;1
TACTAAGTCGGCCAGT-1;2
TACTCAAAGGGTGAGT-1;2
TACTCAAAGTCATTAG-1;0
TACTCGCTCCAAGTTA-1;2
TACTGACAGACAACAG-1;2
TACTGACAGCAGGTGG-1;4
TACTGACAGGTCCTGA-1;4
TACTGACAGGTGCTGC-1;0
TACTGAGGTCTAACCT-1;2
TACTGAGGTTAGTGAT-1;1
TACTGCACACTGGCTG-1;0
TACTGCACATAGACCC-1;2
TACTTGTTCCCATAGG-1;1
TACTTGTTCCCTTGCG-1;4
TAGCCGGGTAGTTAAC-1;0
TAGCCGGGTCATGAGC-1;0
TAGCCGGGTGTGCAAC-1;0
TAGCCTGAGACTTATG-1;3
TAGCCTGAGGTTACGT-1;2
TAGCCTTGTATTGAGT-1;3
TAGCGCGGTCTTGCTG-1;1
TAGCGCGGTGAAACAA-1;1
TAGCGCGGTGAGGTGA-1;0
TAGCGCGGTTGAGCCG-1;1
TAGCGGACAAACAACA-1;0
TAGCGGACACGTTACA-1;0
TAGCGGACAGCCAGAA-1;0
TAGCGGCTCCTCACAC-1;0
TAGCTAGGTTAGCAGC-1;3
TAGCTTAAGGAGGGTT-1;0
TAGCTTGCACCTGGTG-1;1
TAGGAACCAACAACAA-1;2
TAGGAGGGTCCTAGTT-1;2
TAGGCTAGTAGTTAAC-1;1
TAGGCTGTCGATTCTT-1;1
TAGGCTTAGCGTGCGT-1;0
TAGGCTTAGGACGTAA-1;1
TAGGTGCGTGACCTGG-1;0
TAGGTTATCAATTACG-1;0
TAGGTTATCGAGCAAA-1;1
TAGGTTGGTTAGCAGC-1;0
TAGTAACGTGTAACCA-1;0
TAGTAACGTTGTGACA-1;3
TAGTAAGCAGGTTAAA-1;3
TAGTACGGTGAGGTGA-1;3
TAGTACGGTGGTTATG-1;0
TAGTACGGTTAACGGC-1;1
TAGTAGGAGCTGGAAA-1;0
TAGTCAATCATCCTAT-1;3
TAGTGAGAGAACCTGT-1;4
TAGTGAGAGCAGCTCA-1;3
TAGTGAGAGGATCACT-1;1
TAGTGAGAGTTGGGCC-1;4
TAGTGGCGTGTTGTGA-1;1
TAGTGTGGTTGTGATG-1;0
TAGTTTGAGAACCTAC-1;3
TAGTTTGAGTGCACGC-1;2
TATAGCCAGTTTAACG-1;1
TATAGCTCAGCTTACA-1;2
TATAGCTCAGTTTGGC-1;0
TATATCCTCATTGCAA-1;2
TATATCCTCCGGCTAA-1;1
TATCACGCAAACAACA-1;0
TATCACGCAGTAAGTA-1;2
TATCCAGCAAGGTGGC-1;0
TATCCAGCATGTTGTG-1;3
TATCGCACAAGATTCT-1;1
TATCGCACAGCTACGT-1;3
TATCGCGAGACAAACG-1;0
TATCGCGAGTTTGCGG-1;1
TATGAAGCAAACCTTG-1;0
TATGAAGCAAGGACCA-1;0
TATGAAGCATAGACTT-1;2
TATGACATCGATTATG-1;2
TATGACTCAGTTATGT-1;4
TATGGCCCAGCCTTGG-1;0
TATGGCCCATGTCAGC-1;1
TATGGGCGTTTCCTCC-1;3
TATGGTCAGAACAAGT-1;1
TATGGTCAGCTCCCTG-1;0
TATGGTCAGGGCTTTG-1;0
TATGGTCAGGGTCTAT-1;3
TATGTGATCACCATTT-1;4
TATTACCTCAAGCTTA-1;4
TATTACCTCCTCATCA-1;0
TATTAGCCACTAGCGT-1;2
TATTAGGTCACTTCAT-1;1
TATTCGTTCAGGAACA-1;0
TATTGACCAGCCAGTT-1;0
TATTTGCTCTGGCTTC-1;2
TATTTGCTCTGTGAGT-1;0
TATTTGGAGCTATATG-1;0
TATTTGGAGTTAGTGC-1;1
TCAACAATCCTGTTCA-1;5
TCAACAATCTAACTGA-1;0
TCAAGAACAATTTGGT-1;1
TCAAGGTTCCTTAGGG-1;0
TCAAGTATCTGCAAAC-1;0
TCAATCGCAGGTTCAC-1;1
TCAATCGCATGGCCTG-1;2
TCACCGGCAACCTGGT-1;3
TCACCTGGTTAGAGCC-1;0
TCACGGATCACAGCCA-1;1
TCACTGACATAATTGC-1;1
TCAGCAAGTAATTAGC-1;2
TCAGCCTTCATGCCTC-1;3
TCAGCCTTCATTTGCT-1;0
TCAGCGATCATGCGTG-1;2
TCAGGAGCAAACCTTG-1;0
TCAGGAGCAGTATGTT-1;3
TCAGGTCCAATTTAGC-1;1
TCAGGTCCATTGTCAG-1;0
TCAGGTTAGTAACCCG-1;0
TCAGGTTAGTCCTTCA-1;3
TCAGTAGGTCGCAATA-1;0
TCAGTAGGTTTGACCT-1;0
TCATAACCACCTGCCT-1;0
TCATAACCAGAAATGC-1;3
TCATACTTCATTAGTG-1;0
TCATACTTCCGCCAAA-1;2
TCATCCATCATAGCCG-1;2
TCATGAGGTTGAAGCC-1;0
TCATGTTTCAATCTAG-1;3
TCATGTTTCATGACCG-1;4
TCATGTTTCATGCTTT-1;5
TCATGTTTCCTGAGTG-1;1
TCATTGTTCCTAAGAC-1;2
TCATTGTTCCTTTACG-1;2
TCATTTGGTTACTAGG-1;3
TCCACAACATAAAGCA-1;2
TCCACAACATGTCAAT-1;2
TCCAGGATCGGTAACT-1;0
TCCATAAAGCAGCTAT-1;3
TCCATAAAGCCTGATG-1;2
TCCATAAAGGATCCGC-1;3
TCCATATTCTCAATAG-1;1
TCCATCATCCAATTAG-1;0
TCCATGCTCACTCGCT-1;0
TCCATGCTCATGGCCA-1;0
TCCATGCTCCGGCTAA-1;1
TCCCGTTAGCAAGACA-1;2
TCCCGTTAGCAGGTTT-1;0
TCCCTCACACGGTACT-1;1
TCCGCCATCATAATCG-1;0
TCCGCCATCCACCTGT-1;1
TCCGGAATCATGCTCC-1;2
TCCGGAATCCGTGACA-1;0
TCCGGTTTCCAACTGG-1;3
TCCTCAATCCTCAGTC-1;4
TCCTCACAGCATTATG-1;3
TCCTCTAAGCTTAGTA-1;1
TCCTGTTCACAACCTA-1;3
TCCTGTTCACTAAGAA-1;3
TCCTGTTCATTGACAT-1;1
TCCTTCAAGACTTACA-1;0
TCCTTCAAGCTCGCTT-1;1
TCGATTAAGATTCCTT-1;4
TCGCATTGTAGTCAAT-1;2
TCGCCCATCAGGCCTA-1;0
TCGCCCATCGGTTAGT-1;1
TCGCGAGGTTCGCGCT-1;4
TCGCGCACACTCAACA-1;4
TCGCTAACAATTAGCT-1;1
TCGGTTACAATTGAAG-1;0
TCGGTTACACCGTTCC-1;0
TCGGTTACAGGCCTTG-1;0
TCGGTTCTCATGCCTC-1;4
TCGGTTCTCGCGACAC-1;0
TCGGTTCTCTCACTCA-1;0
TCGTAATCAAACATAG-1;1
TCGTGCTTCCTGCGAA-1;2
TCGTTAAAGCTAAGTC-1;1
TCGTTACGTCACAAAT-1;4
TCGTTATTCATTGTTC-1;2
TCGTTTCCAACCCTCC-1;1
TCGTTTCCACAGCCTG-1;3
TCGTTTCCATAGCGAG-1;1
TCTAACCGTTAATGAC-1;2
TCTAACTTCCAAATCA-1;3
TCTAACTTCCTAGTTT-1;0
TCTAAGGGTCGCAAAC-1;1
TCTAATCTCAAGCTTA-1;1
TCTACCTCAATTGAAG-1;0
TCTACTAGTTAGTGAT-1;0
TCTAGCACAACTAACT-1;0
TCTAGCACACCTAAGC-1;0
TCTAGCGAGAGGAGTC-1;1
TCTATGTTCGAGCAAA-1;2
TCTCAAGCAAGCGATG-1;5
TCTCAAGCAATCCTAG-1;1
TCTCAATTCACTTCAT-1;4
TCTCAATTCCTAGTAA-1;2
TCTCACCAGCCAGTAT-1;0
TCTCACCAGGACGTAA-1;0
TCTGGCTTCATGCTCC-1;2
TCTGGCTTCCTTAGGG-1;2
TCTGTGACAGTTATGT-1;0
TCTTAGTTCTTAAGTG-1;2
TCTTCAAGTAGGATTT-1;3
TCTTCAAGTTAACAGT-1;1
TCTTGACGTAGTCAAT-1;2
TCTTGTCCACTTAGGC-1;0
TCTTGTCCATAATCGT-1;2
TGAAACTGTACTTAGG-1;1
TGAAACTGTCCTAATC-1;4
TGAACAACAAGCGAGC-1;1
TGAACAACAAGTTATC-1;2
TGAACAGAGCTGCACA-1;1
TGAACAGAGTTGCCTC-1;1
TGAAGCAAGAGCCGCT-1;0
TGAAGCAAGGACGTAA-1;4
TGAAGCAAGTGAGCAA-1;1
TGAAGCAAGTTCCTCA-1;1
TGAAGGATCAGCAAGA-1;1
TGAAGGATCATGCTCC-1;1
TGAAGTGAGACAAACG-1;1
TGAAGTGAGTAATCCA-1;0
TGACCAAGTTTGACCT-1;4
TGACTCCTCCGTCCAT-1;1
TGACTCCTCGTAACGT-1;2
TGACTTAAGCACGATT-1;0
TGACTTAAGGTCAAAG-1;1
TGACTTAAGTACCGCA-1;4
TGACTTCGTTCACCAT-1;2
TGAGAACCAGAAATGC-1;1
TGAGCAAAGTGAACGA-1;0
TGAGCCGGTAACAGGG-1;0
TGAGCCGGTCCGGTTC-1;1
TGAGCCGGTGTTTGCT-1;2
TGAGCCGGTTAATGCG-1;3
TGAGCCGGTTGCACGG-1;2
TGAGCCGGTTTAGCGA-1;2
TGAGGGAGTGTTGCAA-1;1
TGAGGGAGTTTGGGCG-1;1
TGAGGGCCAGAAATTG-1;5
TGAGTTTCATCGTTCT-1;2
TGATCAATCCTTAATC-1;0
TGATCAATCTAGCGTG-1;3
TGATCACAGCCTGAGC-1;1
TGATCAGGTCATAAGT-1;4
TGATCAGGTGATCATG-1;0
TGATCCTGTAGCTAAT-1;0
TGATCGAGTATTGTGG-1;2
TGATGAACACAGCCAT-1;1
TGATGAACACCAGGTT-1;0
TGATGAACAGTTAAAG-1;0
TGATGAACATTGACAT-1;2
TGATTAGTCGGTAACT-1;1
TGATTGCAGGCTAGAA-1;0
TGCAAGCGTGCTGTAA-1;0
TGCAATATCATCCTCA-1;0
TGCAATATCCCTCGCA-1;0
TGCAATATCCGGAACC-1;0
TGCAATATCGGCCAGT-1;1
TGCAATATCTTGATGA-1;3
TGCACACCAGGTTATT-1;0
TGCACTTGTTGCTGGG-1;0
TGCAGGCTCACAGCCA-1;1
TGCATCCTCATCACTT-1;0
TGCATCCTCTGTTCAT-1;0
TGCATGAGTCTTTATG-1;2
TGCATTAAGTAGCTTA-1;0
TGCATTAAGTTAGTGC-1;1
TGCCATTGTTGGGTTA-1;0
TGCCGGTAGCCTGACA-1;1
TGCCGGTAGGTCCAAT-1;1
TGCGCAGGTTAACACG-1;2
TGCGCGAGTAATCACG-1;1
TGCGGTTCAGGTTACC-1;1
TGCTAACAGAGAAGGG-1;0
TGCTAACAGGCCAATT-1;0
TGCTAGCCAAACGCGA-1;3
TGCTAGCCAAGGTGCA-1;2
TGCTAGCCATCCATCT-1;3
TGCTAGCCATGTTGCA-1;2
TGCTATGCACCCACAG-1;5
TGCTCACTCATCCTAT-1;0
TGCTCCGTCATGCCTC-1;0
TGCTCCGTCCTAATTC-1;0
TGCTCCGTCGCAGGCT-1;1
TGCTCCGTCGTCCTTA-1;1
TGCTCTCAGCATGAAG-1;0
TGCTGGATCGGTTACG-1;0
TGCTTCATCATAATCG-1;1
TGCTTCATCCCTGACT-1;0
TGCTTGCTCCCTCTAA-1;2
TGCTTGCTCTTTGTAC-1;4
TGCTTTAGTACTGAAT-1;3
TGCTTTAGTTCTTTAG-1;4
TGGACAAAGCGCTCAA-1;1
TGGACCGGTCCGCTGT-1;2
TGGACCGGTTTATTCG-1;0
TGGACGGAGGTACCGC-1;0
TGGATTCAGGCTTAGT-1;1
TGGATTCAGTCATTTC-1;5
TGGATTCAGTGAGGGT-1;2
TGGATTCAGTGCTGTG-1;1
TGGATTGGTAAGCTCA-1;1
TGGATTGGTAATAGCT-1;4
TGGATTGGTTACGCGG-1;0
TGGATTGGTTCATTTG-1;1
TGGCCATCAATCCTGA-1;4
TGGCCTGCATTGCGAC-1;1
TGGCCTTTCATAAGCC-1;1
TGGCCTTTCCCGCCTA-1;3
TGGCCTTTCGTCATTT-1;1
TGGCTAAGTCCCGGAA-1;0
TGGCTAAGTTGGATCA-1;4
TGGCTATAGGATCCGC-1;2
TGGCTTTGTGGATGTC-1;1
TGGGCATGTGGACCTG-1;0
TGGTAAACACTAGGTC-1;2
TGGTAAACATCAGTAT-1;2
TGGTCAAGTTAACGGC-1;5
TGGTCAGTCGCAAACT-1;0
TGGTCATAGGTACCGC-1;2
TGGTCATAGTAAAGGT-1;1
TGGTGATTCATGACCG-1;0
TGGTGCATCACGCATG-1;5
TGGTTCCTCATCACTT-1;4
TGGTTCTGTTAGGCGT-1;2
TGTAAAGCAACCTAAT-1;2
TGTAATGTCATTGCAA-1;1
TGTAATGTCTAAGTCA-1;4
TGTATCCGTTAGCGTA-1;1
TGTATCGCACGAACAG-1;2
TGTCAATCAGCATTAT-1;2
TGTCAATCATCCATCT-1;0
TGTCAGTAGTAACAGG-1;1
TGTCAGTAGTTTGGGT-1;0
TGTCCTGGTAACCAGC-1;0
TGTGAAACAATAATGG-1;5
TGTGAAACAGCAAGAT-1;1
TGTGAAACAGCAATAA-1;2
TGTGCAAGTTAAGCTG-1;4
TGTGCACCAACTAGCC-1;0
TGTGCGCAGCAACAAG-1;0
TGTGCGGGTCATCAAG-1;1
TGTGCGGGTTAGGATT-1;1
TGTGCTGAGCTTCCCG-1;2
TGTGCTGAGTAACCAC-1;0
TGTGCTGAGTTGTCTT-1;1
TGTGGCCAGCATGTCG-1;0
TGTGGCCAGCTTAACA-1;4
TGTGGCGGTCGACTCC-1;1
TGTGGCGGTCTTACTA-1;3
TGTGGCGGTGCTCCGT-1;0
TGTGGCTCACGTAATT-1;0
TGTGTGAGTAGGTTAT-1;0
TGTGTGAGTCTATCGT-1;1
TGTGTGAGTTAGAGCC-1;2
TGTGTGAGTTGGCCGA-1;1
TGTGTTAAGACTTATG-1;0
TGTGTTAAGGTTAGCT-1;0
TGTGTTAAGTGAGAGC-1;3
TGTTACTTCCGCCAAA-1;1
TGTTAGCAGCTATTGA-1;1
TGTTATGAGCTTACTT-1;1
TGTTCATTCACTCAAA-1;1
TGTTCCTCACCCACAG-1;5
TGTTGCACAATAACCT-1;4
TGTTGCACACACAATT-1;0
TGTTGCACACACTAAT-1;0
TGTTGGCCAAGGGTTG-1;0
TGTTGTAAGACACCGC-1;2
TGTTGTAAGGAACCAA-1;0
TGTTGTAAGGACTAAG-1;0
TGTTGTAAGGTCCACA-1;2
TGTTGTGCACAGGATG-1;2
TGTTGTTTCGATTCTT-1;0
TGTTGTTTCGCAAACT-1;1
TGTTTGTTCGCGCTAA-1;3
TTAAAGGCAGGTTACC-1;2
TTAACCAAGGTCCTGA-1;0
TTAACTGAGCGGATTT-1;0
TTAAGCCAGCTCCTAC-1;1
TTAAGGACAGTCTAAT-1;0
TTAAGGACATGAGCAG-1;5
TTAAGTGTCCTCCTAA-1;1
TTAATCGAGCACGTTG-1;1
TTAATCGAGCTTAGTA-1;0
TTAATCGAGGTCGATT-1;0
TTACAGCAGGACGTAA-1;0
TTACCGTGTCATAAGT-1;2
TTACCGTGTGTTGTGA-1;3
TTACCGTGTTGCACGG-1;3
TTACCGTGTTGCGGAT-1;3
TTACGTTTCACTTTAC-1;0
TTACGTTTCGGTTTCC-1;0
TTACGTTTCTTGAGGT-1;0
TTAGAAGCAATAAGCA-1;1
TTAGCAATCAAACTCA-1;1
TTAGCAGGTACTTAGG-1;1
TTAGCCTGTCGAAGTC-1;4
TTAGCGGTCGATTCTT-1;3
TTAGCTGCAACAGGAT-1;0
TTAGCTGCATCCAGGT-1;1
TTAGGAACAGCAAATA-1;1
TTAGGATGTACCGTTT-1;0
TTAGGCTAGGGTCTAT-1;1
TTAGTCAAGCAGGTTT-1;1
TTAGTCAAGGCTTAGT-1;0
TTAGTCAAGTCAATCA-1;0
TTATAGCCAAATACCT-1;1
TTATCCTAGACTCGCA-1;0
TTATCCTAGAGGAGGA-1;2
TTATCCTAGCATGGTT-1;5
TTATCCTAGCGGATTT-1;3
TTATCCTAGGTAACGA-1;3
TTATGACCAAGTGTTT-1;1
TTATGACCATAAGCAA-1;0
TTATGACCATAATGTC-1;0
TTCAGCACAACAGCCT-1;3
TTCAGCACACATGCTA-1;5
TTCAGCACAGCACGTT-1;0
TTCAGCACAGCTACGT-1;1
TTCAGGTAGAGAAGGG-1;2
TTCAGGTAGTGTTGTA-1;1
TTCAGTTTCAATAGCC-1;0
TTCAGTTTCCTGGTCT-1;0
TTCATCCCAGCATGGA-1;3
TTCATCCCAGGCTAGA-1;1
TTCATCCCAGGTTAAA-1;2
TTCATTCAGGAGTCTT-1;0
TTCATTCAGGCAATAG-1;3
TTCCACGGTACGTTTC-1;2
TTCCACGGTGTCACGG-1;1
TTCCACGGTTGTCATC-1;2
TTCCCACAGGCGCTAC-1;4
TTCCCACAGGTACCGC-1;0
TTCCCACAGTTAGGCT-1;2
TTCCCGCCAAACGGGC-1;5
TTCCCGCCAACAGGAT-1;2
TTCCCGCCAACTGGGA-1;0
TTCCCGCCAGAATGAC-1;1
TTCCTTCTCTTCAATC-1;2
TTCCTTGAGAATGACG-1;2
TTCCTTGAGCGCCTAA-1;4
TTCGCAACAACAGGTG-1;3
TTCGCAACACACTAAT-1;3
TTCGCAACATTATGCG-1;2
TTCGGTACAGATAGAC-1;2
TTCGGTACATGCTTAG-1;1
TTCGTGCTCAAACCGT-1;0
TTCGTGCTCACTTCAT-1;2
TTCGTGCTCCAAACAC-1;3
TTCGTTAGTAGCTAAT-1;1
TTCTTAGGTTCATCTA-1;2
TTGACGTAGGCCAATT-1;0
TTGACTAAGGTCAAAG-1;4
TTGAGCTAGTTCCTCA-1;2
TTGATGTCATTATCCC-1;2
TTGCAACAGAAAGCAT-1;0
TTGCAACAGTGAACCT-1;1
TTGCAAGGTAAGCACC-1;0
TTGCAATCAAGGTATA-1;0
TTGCAATCAATAACCT-1;0
TTGCAATCAATGAATG-1;1
TTGCAATCAGGCTTCG-1;1
TTGCACACATAGACCC-1;0
TTGCACACATCCCGCT-1;0
TTGCAGCCATTTGCTC-1;0
TTGCATTTCAAGACTC-1;2
TTGCATTTCTTAGTCT-1;0
TTGCCCGTCGTTATCT-1;1
TTGCCCGTCGTTTCTG-1;2
TTGCGAGTCTTACTCG-1;2
TTGCGTCTCCTAAGTA-1;5
TTGCTCTCACATTGCA-1;5
TTGCTTAGTTAAGGCC-1;4
TTGCTTAGTTCTTTAG-1;2
TTGCTTTAGGCGCATC-1;0
TTGGATATCCCAGTAG-1;4
TTGGATCAGACCATAC-1;0
TTGGATCAGCGATAAG-1;2
TTGGATCAGCTATTAG-1;0
TTGGATTCATTGTCAG-1;0
TTGGCTACAATGCCTA-1;0
TTGGCTACAGCACCAT-1;3
TTGGGCCAGGGACTAA-1;0
TTGGGCGGTAGTAAGA-1;4
TTGGGCGGTTGCACAA-1;0
TTGGGCGGTTGGTGAC-1;3
TTGGGTTAGCCTGATG-1;0
TTGGGTTAGCTCCTTA-1;2
TTGGGTTAGGCAATAG-1;2
TTGGGTTAGTAACGAG-1;3
TTGGGTTAGTTTGTCT-1;0
TTGGTGAGTAGGATCC-1;2
TTGGTGAGTTACTTCA-1;2
TTGGTGAGTTTACCGT-1;2
TTGTCAAAGCCATCAG-1;2
TTGTCAAAGCGCCTTT-1;5
TTGTCAAAGTAGCCAT-1;4
TTGTCCATCATAACTG-1;1
TTGTCCCAGGCGTAAA-1;2
TTGTCCCAGTATTGGC-1;1
TTGTCCCAGTTCCCAC-1;4
TTGTCCGGTTTACTTG-1;4
TTGTGAGGTCCACAAA-1;4
TTGTGCCTCCTCCATA-1;1
TTGTGCGAGCCTGTTC-1;1
TTGTGCGAGGGCTAAA-1;2
TTGTGCGAGTCTGGGC-1;2
TTGTTGTTCAGCCAAT-1;0
TTGTTGTTCGCTAGCA-1;0
TTGTTGTTCTTAGTGA-1;1
TTTAACGAGCATGTTA-1;2
TTTAAGCCAAGTGAAC-1;1
TTTAAGCCACAAGCCT-1;0
TTTAAGCCATCACTTC-1;0
TTTAAGGTCATGCGTG-1;0
TTTACGCGTTATCCGT-1;3
TTTAGCAAGAAGGTGC-1;1
TTTAGCAAGCAGGCCT-1;5
TTTAGCAAGCATTATG-1;0
TTTAGCAAGTTTCCTG-1;0
TTTAGCTTCAGAAACG-1;0
TTTAGCTTCTTACTCG-1;1
TTTAGGATCTAAATCG-1;1
TTTAGGATCTGTAAGC-1;1
TTTATGGAGTTGGATC-1;4
TTTCACCCAAACGGGC-1;1
TTTCACCCATAGTCAT-1;0
TTTCATCAGACAAAGT-1;4
TTTCATCAGTCTGGGC-1;2
TTTCCTGAGCCATCAG-1;1
TTTCCTGAGGCTAAGA-1;2
TTTCGTCCACGAATTT-1;0
TTTCTCACAACAACAA-1;3
TTTCTCACATACCCGG-1;1
TTTGACCGTCATTAGG-1;0
TTTGACTTCATTACAG-1;1
TTTGACTTCCACAATA-1;5
TTTGAGTCAATCCTAG-1;0
TTTGAGTCAGCAAGGC-1;0
TTTGCATTCAGTTCCC-1;4
TTTGCATTCCAGGTTG-1;2
TTTGCGACAAGCTAAA-1;0
TTTGCGGAGAAGCTAG-1;5
TTTGGCTGTGTCACGG-1;1
TTTGGCTGTTGCGGAT-1;2
TTTGGTAAGGAACGGT-1;2
TTTGGTAAGTAGCGGG-1;2
TTTGGTGCAGATAGAC-1;0
TTTGGTGCATTGTCAG-1;1
TTTGTCCCAATTGAAG-1;0
TTTGTCTAGTTCCCGT-1;0
TTTGTGGCAGCCTGCA-1;2
TTTGTGTTCCAGGTTG-1;0
TTTGTTGGTCTTTGAC-1;2
TTTGTTGGTGCTTTAC-1;2
TTTGTTGGTTGCAATG-1;4
